species,real_value,model_mean,model_std,model_min,model_max,abs_error,z_score,model_range,z_range,metric,plot
Andrena_sp,4.0,21.9216,6.687131314137722,0.0,41.0,17.9216,2.6800131712847812,41.0,0.43711219512195126,MAE,MAE_A1_model2.csv
Apis_mellifera,18.0,43.8181,0.421461923565227,41.0,44.0,25.8181,61.25844010201386,3.0,8.606033333333334,MAE,MAE_A1_model2.csv
Attagenus_sp,1.0,3.3945,4.635150290100764,0.0,25.0,2.3945,0.5165959785843202,25.0,0.09577999999999999,MAE,MAE_A1_model2.csv
Bombylius_sp,2.0,12.1822,6.968820531909289,0.0,36.0,10.1822,1.4611080818306454,36.0,0.28283888888888886,MAE,MAE_A1_model2.csv
Ceratina_sp,1.0,13.5188,6.926661852901608,0.0,37.0,12.5188,1.8073352310039246,37.0,0.33834594594594597,MAE,MAE_A1_model2.csv
Colletes_sp,1.0,1.0464,2.6865161039676777,0.0,20.0,0.0464,0.01727143936768981,20.0,0.00232,MAE,MAE_A1_model2.csv
Diptera_sp7,1.0,1.0491,2.7074013725746697,0.0,24.0,0.04909999999999992,0.018135471340663123,24.0,0.00204583333333333,MAE,MAE_A1_model2.csv
Eristalis_sp,2.0,6.777,6.131723314295943,0.0,33.0,4.777,0.7790632021608929,33.0,0.14475757575757575,MAE,MAE_A1_model2.csv
Eucera_sp,4.0,9.9497,7.09161469694322,0.0,36.0,5.9497,0.8389767710539275,36.0,0.16526944444444444,MAE,MAE_A1_model2.csv
Lasioglossum_sp1,14.0,36.4546,3.627127575016423,15.0,44.0,22.4546,6.190738962331185,29.0,0.7742965517241379,MAE,MAE_A1_model2.csv
Lasioglossum_sp2,21.0,43.9492,0.2258859500859781,42.0,44.0,22.949199999999998,101.59640292486068,2.0,11.474599999999999,MAE,MAE_A1_model2.csv
Lasioglossum_sp6,3.0,12.9501,7.199277251870136,0.0,37.0,9.9501,1.3820970705657005,37.0,0.26892162162162164,MAE,MAE_A1_model2.csv
Lobonyx_aeneus,3.0,3.3266,4.7195508108278235,0.0,30.0,0.3266,0.06920150096714678,30.0,0.010886666666666666,MAE,MAE_A1_model2.csv
Malachius_sp,4.0,6.7,6.349506407836935,0.0,32.0,2.7,0.42522990396033006,32.0,0.084375,MAE,MAE_A1_model2.csv
Megachilidae_sp,1.0,9.0106,6.480284488253949,0.0,35.0,8.0106,1.2361494336429015,35.0,0.22887428571428572,MAE,MAE_A1_model2.csv
Rhyncomyia_cupraea,1.0,4.1238,4.9902468692822834,0.0,28.0,3.1238,0.6259810550112679,28.0,0.11156428571428571,MAE,MAE_A1_model2.csv
Syrphidae_sp3,2.0,5.2581,5.58703909871669,0.0,29.0,3.2580999999999998,0.5831532485155448,29.0,0.11234827586206896,MAE,MAE_A1_model2.csv
Xylocopa_cantabrita,4.0,32.1158,4.863060280885849,10.0,44.0,28.1158,5.781503492874339,34.0,0.8269352941176471,MAE,MAE_A1_model2.csv
Andrena_sp,4.0,19.8726,7.206619372235328,0.0,40.0,15.872599999999998,2.202502890766199,40.0,0.396815,RMAE,RMAE_A1_model2.csv
Apis_mellifera,18.0,43.8085,0.4297047993930968,41.0,44.0,25.808500000000002,60.06100010158419,3.0,8.602833333333335,RMAE,RMAE_A1_model2.csv
Attagenus_sp,1.0,3.9314,4.895170100112035,0.0,28.0,2.9314,0.5988351661023811,28.0,0.10469285714285714,RMAE,RMAE_A1_model2.csv
Bombylius_sp,2.0,11.538,6.925023580837799,0.0,34.0,9.538,1.3773238298267398,34.0,0.2805294117647059,RMAE,RMAE_A1_model2.csv
Ceratina_sp,1.0,15.5235,6.406258796300429,0.0,37.0,14.5235,2.2670798139449535,37.0,0.392527027027027,RMAE,RMAE_A1_model2.csv
Colletes_sp,1.0,1.2103,2.868675101799428,0.0,20.0,0.21029999999999993,0.073309103518933,20.0,0.010514999999999997,RMAE,RMAE_A1_model2.csv
Diptera_sp7,1.0,1.2161,2.8889851874908192,0.0,24.0,0.21609999999999996,0.07480135271572301,24.0,0.009004166666666666,RMAE,RMAE_A1_model2.csv
Eristalis_sp,2.0,6.4227,6.014369624008601,0.0,33.0,4.4227,0.7353555362386014,33.0,0.13402121212121212,RMAE,RMAE_A1_model2.csv
Eucera_sp,4.0,8.857,6.691504212272625,0.0,36.0,4.856999999999999,0.7258457659029738,36.0,0.13491666666666666,RMAE,RMAE_A1_model2.csv
Lasioglossum_sp1,14.0,35.4168,4.22647182250238,10.0,44.0,21.416800000000002,5.0672998423824085,34.0,0.6299058823529412,RMAE,RMAE_A1_model2.csv
Lasioglossum_sp2,21.0,43.9453,0.23390891675636044,42.0,44.0,22.945300000000003,98.09502056691507,2.0,11.472650000000002,RMAE,RMAE_A1_model2.csv
Lasioglossum_sp6,3.0,11.5414,7.086134868229432,0.0,36.0,8.5414,1.2053679698216335,36.0,0.2372611111111111,RMAE,RMAE_A1_model2.csv
Lobonyx_aeneus,3.0,3.0673,4.46792647060073,0.0,26.0,0.06729999999999992,0.015062915749137467,26.0,0.002588461538461535,RMAE,RMAE_A1_model2.csv
Malachius_sp,4.0,5.9579,5.902034478982568,0.0,32.0,1.9579000000000004,0.3317330671266286,32.0,0.06118437500000001,RMAE,RMAE_A1_model2.csv
Megachilidae_sp,1.0,10.593,6.328471849948888,0.0,35.0,9.593,1.515847779283,35.0,0.27408571428571427,RMAE,RMAE_A1_model2.csv
Rhyncomyia_cupraea,1.0,4.8195,5.230473739113272,0.0,28.0,3.8194999999999997,0.7302397814251379,28.0,0.13641071428571427,RMAE,RMAE_A1_model2.csv
Syrphidae_sp3,2.0,4.9885,5.421541022689588,0.0,29.0,2.9885,0.5512270381230882,29.0,0.10305172413793104,RMAE,RMAE_A1_model2.csv
Xylocopa_cantabrita,4.0,30.8781,5.396253547159773,0.0,44.0,26.8781,4.980881599632551,44.0,0.6108659090909091,RMAE,RMAE_A1_model2.csv
Andrena_sp,4.0,4.3671,7.724409637015915,0.0,40.0,0.36709999999999976,0.04752466754751466,40.0,0.009177499999999995,JS,JS_A1_model2.csv
Apis_mellifera,18.0,22.4795,14.490423630373922,0.0,44.0,4.479500000000002,0.30913519951275636,44.0,0.10180681818181822,JS,JS_A1_model2.csv
Attagenus_sp,1.0,0.5029,1.9090720378248072,0.0,25.0,0.4971,0.26038828821064014,25.0,0.019884,JS,JS_A1_model2.csv
Bombylius_sp,2.0,2.151,4.867932690256488,0.0,36.0,0.1509999999999998,0.031019327835456103,36.0,0.004194444444444439,JS,JS_A1_model2.csv
Ceratina_sp,1.0,3.1469,6.097609242469334,0.0,34.0,2.1469,0.3520888129477079,34.0,0.06314411764705882,JS,JS_A1_model2.csv
Colletes_sp,1.0,0.1256,0.869770251289962,0.0,17.0,0.8744000000000001,1.005322955922178,17.0,0.051435294117647065,JS,JS_A1_model2.csv
Diptera_sp7,1.0,0.1435,0.9332710482410491,0.0,16.0,0.8565,0.9177398159026354,16.0,0.05353125,JS,JS_A1_model2.csv
Eristalis_sp,2.0,0.8029,2.5992551245924833,0.0,33.0,1.1971,0.4605550215805322,33.0,0.03627575757575758,JS,JS_A1_model2.csv
Eucera_sp,4.0,0.7127,2.3225197781315,0.0,28.0,3.2873,1.4154023707150858,28.0,0.11740357142857143,JS,JS_A1_model2.csv
Lasioglossum_sp1,14.0,9.5339,12.24963902144122,0.0,44.0,4.466100000000001,0.36459033545255815,44.0,0.10150227272727275,JS,JS_A1_model2.csv
Lasioglossum_sp2,21.0,25.6413,14.227722133838295,0.0,44.0,4.641300000000001,0.3262152547217262,44.0,0.10548409090909093,JS,JS_A1_model2.csv
Lasioglossum_sp6,3.0,1.6795,4.142909137262364,0.0,32.0,1.3205,0.31873737903713406,32.0,0.041265625,JS,JS_A1_model2.csv
Lobonyx_aeneus,3.0,0.1912,0.9834323941824331,0.0,20.0,2.8088,2.856119054665744,20.0,0.14044,JS,JS_A1_model2.csv
Malachius_sp,4.0,0.3795,1.4691138756263769,0.0,24.0,3.6205,2.4644107308947376,24.0,0.15085416666666665,JS,JS_A1_model2.csv
Megachilidae_sp,1.0,1.8966,4.462947482328571,0.0,32.0,0.8966000000000001,0.2008986221662177,32.0,0.028018750000000002,JS,JS_A1_model2.csv
Rhyncomyia_cupraea,1.0,0.6317,2.3041236964626814,0.0,28.0,0.36829999999999996,0.15984384890681805,28.0,0.013153571428571428,JS,JS_A1_model2.csv
Syrphidae_sp3,2.0,0.5662,2.0396650664651563,0.0,23.0,1.4338,0.7029585511727416,23.0,0.062339130434782605,JS,JS_A1_model2.csv
Xylocopa_cantabrita,4.0,8.7275,11.81032565720406,0.0,43.0,4.727499999999999,0.40028532127023264,43.0,0.10994186046511625,JS,JS_A1_model2.csv
Andrena_sp,4.0,8.5053,9.929160625806864,0.0,40.0,4.5053,0.4537442961986417,40.0,0.1126325,KS,KS_A1_model2.csv
Apis_mellifera,18.0,26.5402,16.740884375712312,0.0,44.0,8.540199999999999,0.5101403132793945,44.0,0.19409545454545452,KS,KS_A1_model2.csv
Attagenus_sp,1.0,1.8619,3.604625878336368,0.0,28.0,0.8619000000000001,0.23910941914387804,28.0,0.030782142857142862,KS,KS_A1_model2.csv
Bombylius_sp,2.0,4.7021,6.405424149566797,0.0,34.0,2.7020999999999997,0.42184560099470453,34.0,0.07947352941176469,KS,KS_A1_model2.csv
Ceratina_sp,1.0,5.1308,6.8576959803869855,0.0,31.0,4.1308,0.6023597447034821,31.0,0.1332516129032258,KS,KS_A1_model2.csv
Colletes_sp,1.0,0.6652,2.125502466729591,0.0,18.0,0.3348,0.15751569581339547,18.0,0.0186,KS,KS_A1_model2.csv
Diptera_sp7,1.0,0.6618,2.1076681395558055,0.0,20.0,0.33819999999999995,0.16046169397013144,20.0,0.016909999999999998,KS,KS_A1_model2.csv
Eristalis_sp,2.0,3.2226,4.961643984719479,0.0,27.0,1.2226,0.24641026316383785,27.0,0.04528148148148148,KS,KS_A1_model2.csv
Eucera_sp,4.0,4.3048,6.035258022151113,0.0,36.0,0.3048000000000002,0.05050322602302959,36.0,0.008466666666666671,KS,KS_A1_model2.csv
Lasioglossum_sp1,14.0,16.917,16.137148191523035,0.0,44.0,2.9170000000000016,0.18076304222900572,44.0,0.06629545454545459,KS,KS_A1_model2.csv
Lasioglossum_sp2,21.0,28.5349,15.837066118960504,0.0,44.0,7.5349,0.47577625447803384,44.0,0.17124772727272727,KS,KS_A1_model2.csv
Lasioglossum_sp6,3.0,5.0239,6.755167800965568,0.0,36.0,2.0239000000000003,0.2996076573716953,36.0,0.056219444444444454,KS,KS_A1_model2.csv
Lobonyx_aeneus,3.0,2.0264,3.764507961476405,0.0,30.0,0.9735999999999998,0.2586260966806836,30.0,0.03245333333333333,KS,KS_A1_model2.csv
Malachius_sp,4.0,3.3333,5.0321112193921635,0.0,30.0,0.6667000000000001,0.13248912254378428,30.0,0.022223333333333335,KS,KS_A1_model2.csv
Megachilidae_sp,1.0,3.7486,5.470593274872276,0.0,30.0,2.7486,0.5024317952177084,30.0,0.09162000000000001,KS,KS_A1_model2.csv
Rhyncomyia_cupraea,1.0,2.1694,3.890323521470955,0.0,27.0,1.1694,0.3005919671065924,27.0,0.04331111111111111,KS,KS_A1_model2.csv
Syrphidae_sp3,2.0,2.7396,4.4785709327596885,0.0,25.0,0.7395999999999998,0.1651419640559895,25.0,0.029583999999999992,KS,KS_A1_model2.csv
Xylocopa_cantabrita,4.0,14.0058,14.217354876275953,0.0,43.0,10.0058,0.703773668665777,43.0,0.23269302325581398,KS,KS_A1_model2.csv
Andrena_sp,4.0,21.8106,6.650199256790379,0.0,41.0,17.8106,2.678205466071407,41.0,0.43440487804878053,WASS,WASS_A1_model2.csv
Apis_mellifera,18.0,43.8192,0.41920034934776507,41.0,44.0,25.819200000000002,61.59155172502161,3.0,8.6064,WASS,WASS_A1_model2.csv
Attagenus_sp,1.0,3.3022,4.605192280415016,0.0,25.0,2.3022,0.49991397965961315,25.0,0.092088,WASS,WASS_A1_model2.csv
Bombylius_sp,2.0,12.2151,6.913509358579416,0.0,35.0,10.2151,1.4775564001115336,35.0,0.29186,WASS,WASS_A1_model2.csv
Ceratina_sp,1.0,13.3028,6.980815521021442,0.0,37.0,12.3028,1.7623728865133852,37.0,0.3325081081081081,WASS,WASS_A1_model2.csv
Colletes_sp,1.0,1.0051,2.6373034575021364,0.0,20.0,0.0051000000000001044,0.0019337933924488374,20.0,0.0002550000000000052,WASS,WASS_A1_model2.csv
Diptera_sp7,1.0,0.9955,2.6298614729937175,0.0,24.0,0.0044999999999999485,0.0017111167436805515,24.0,0.00018749999999999786,WASS,WASS_A1_model2.csv
Eristalis_sp,2.0,6.8965,6.100418777504219,0.0,33.0,4.8965,0.8026498144776936,33.0,0.14837878787878786,WASS,WASS_A1_model2.csv
Eucera_sp,4.0,10.5576,6.777409207621795,0.0,36.0,6.557600000000001,0.9675673696411013,36.0,0.18215555555555557,WASS,WASS_A1_model2.csv
Lasioglossum_sp1,14.0,36.4169,3.651058396238183,15.0,44.0,22.4169,6.139836060441251,29.0,0.7729965517241378,WASS,WASS_A1_model2.csv
Lasioglossum_sp2,21.0,43.949,0.22539760515151994,42.0,44.0,22.948999999999998,101.81563368684817,2.0,11.474499999999999,WASS,WASS_A1_model2.csv
Lasioglossum_sp6,3.0,13.0253,7.020241326965124,0.0,37.0,10.0253,1.4280563207267938,37.0,0.27095405405405404,WASS,WASS_A1_model2.csv
Lobonyx_aeneus,3.0,3.6474,4.766376514136014,0.0,30.0,0.6474000000000002,0.13582644973177332,30.0,0.021580000000000005,WASS,WASS_A1_model2.csv
Malachius_sp,4.0,7.3271,6.194670530730306,0.0,32.0,3.3270999999999997,0.5370907110386319,32.0,0.10397187499999999,WASS,WASS_A1_model2.csv
Megachilidae_sp,1.0,8.7759,6.479712791303761,0.0,35.0,7.7759,1.2000377563702846,35.0,0.22216857142857144,WASS,WASS_A1_model2.csv
Rhyncomyia_cupraea,1.0,3.9892,4.936995113636963,0.0,28.0,2.9892,0.6054695075033059,28.0,0.10675714285714286,WASS,WASS_A1_model2.csv
Syrphidae_sp3,2.0,5.3939,5.5383219562435215,0.0,29.0,3.3939000000000004,0.6128029440711644,29.0,0.11703103448275863,WASS,WASS_A1_model2.csv
Xylocopa_cantabrita,4.0,32.0506,4.90402330586413,4.0,44.0,28.050600000000003,5.7199157203143125,40.0,0.701265,WASS,WASS_A1_model2.csv
Andrena_sp,4.0,4.1122,7.275514034791429,0.0,40.0,0.11219999999999963,0.015421590758187045,40.0,0.0028049999999999907,HELL,HELL_A1_model2.csv
Apis_mellifera,18.0,22.5064,14.290338709003441,0.0,44.0,4.506399999999999,0.3153459194890042,44.0,0.1024181818181818,HELL,HELL_A1_model2.csv
Attagenus_sp,1.0,0.4526,1.744321502977754,0.0,25.0,0.5474,0.3138182950021119,25.0,0.021896,HELL,HELL_A1_model2.csv
Bombylius_sp,2.0,1.9313,4.442178925410434,0.0,36.0,0.06869999999999998,0.015465383352079289,36.0,0.0019083333333333328,HELL,HELL_A1_model2.csv
Ceratina_sp,1.0,2.833,5.631845414096231,0.0,33.0,1.8330000000000002,0.3254705811725747,33.0,0.05554545454545455,HELL,HELL_A1_model2.csv
Colletes_sp,1.0,0.1143,0.8051710004924426,0.0,17.0,0.8857,1.100014778796437,17.0,0.0521,HELL,HELL_A1_model2.csv
Diptera_sp7,1.0,0.1233,0.8434264916545399,0.0,16.0,0.8767,1.0394503951140874,16.0,0.05479375,HELL,HELL_A1_model2.csv
Eristalis_sp,2.0,0.7385,2.440760840669995,0.0,33.0,1.2614999999999998,0.5168470335068613,33.0,0.03822727272727272,HELL,HELL_A1_model2.csv
Eucera_sp,4.0,0.6252,2.0922625830119017,0.0,30.0,3.3748,1.612990657770035,30.0,0.11249333333333333,HELL,HELL_A1_model2.csv
Lasioglossum_sp1,14.0,9.5228,11.99705268335974,0.0,44.0,4.4772,0.37319165949900396,44.0,0.10175454545454544,HELL,HELL_A1_model2.csv
Lasioglossum_sp2,21.0,25.7173,14.037374594223449,0.0,44.0,4.717300000000002,0.33605286859988964,44.0,0.10721136363636367,HELL,HELL_A1_model2.csv
Lasioglossum_sp6,3.0,1.5334,3.822976059903532,0.0,30.0,1.4666,0.3836278273835195,30.0,0.04888666666666666,HELL,HELL_A1_model2.csv
Lobonyx_aeneus,3.0,0.1726,0.9003834233430248,0.0,20.0,2.8274,3.1402177413508725,20.0,0.14137,HELL,HELL_A1_model2.csv
Malachius_sp,4.0,0.3166,1.31435809189101,0.0,24.0,3.6834,2.8024326267893795,24.0,0.153475,HELL,HELL_A1_model2.csv
Megachilidae_sp,1.0,1.6667,4.039980600736271,0.0,32.0,0.6667000000000001,0.16502554489457116,32.0,0.020834375000000002,HELL,HELL_A1_model2.csv
Rhyncomyia_cupraea,1.0,0.5599,2.097820791966633,0.0,28.0,0.44010000000000005,0.20978913055171972,28.0,0.015717857142857145,HELL,HELL_A1_model2.csv
Syrphidae_sp3,2.0,0.5192,1.8936182136306958,0.0,23.0,1.4808,0.7819950132190658,23.0,0.06438260869565217,HELL,HELL_A1_model2.csv
Xylocopa_cantabrita,4.0,8.3805,11.34364965911584,0.0,43.0,4.3805,0.3861631954121395,43.0,0.10187209302325581,HELL,HELL_A1_model2.csv
Andrena_sp,4.0,3.5819,6.217584597399738,0.0,37.0,0.4180999999999999,0.06724476256822527,37.0,0.011299999999999998,KL,KL_A1_model2.csv
Apis_mellifera,18.0,22.4483,14.152326873895836,0.0,44.0,4.4483,0.3143158040113496,44.0,0.10109772727272727,KL,KL_A1_model2.csv
Attagenus_sp,1.0,0.3568,1.3342682590763781,0.0,20.0,0.6432,0.4820619808832468,20.0,0.03216,KL,KL_A1_model2.csv
Bombylius_sp,2.0,1.5196,3.4262501016382125,0.0,29.0,0.48039999999999994,0.14021159744593764,29.0,0.016565517241379307,KL,KL_A1_model2.csv
Ceratina_sp,1.0,1.9617,3.949859902493364,0.0,31.0,0.9617,0.24347699000486656,31.0,0.03102258064516129,KL,KL_A1_model2.csv
Colletes_sp,1.0,0.0936,0.6532087783938744,0.0,14.0,0.9064,1.387611480403981,14.0,0.06474285714285714,KL,KL_A1_model2.csv
Diptera_sp7,1.0,0.0939,0.6402529050135095,0.0,14.0,0.9061,1.4152220050932547,14.0,0.06472142857142857,KL,KL_A1_model2.csv
Eristalis_sp,2.0,0.5561,1.809801184669967,0.0,27.0,1.4439,0.7978224416199107,27.0,0.05347777777777778,KL,KL_A1_model2.csv
Eucera_sp,4.0,0.4584,1.5823147006778369,0.0,26.0,3.5416,2.238239964833063,26.0,0.1362153846153846,KL,KL_A1_model2.csv
Lasioglossum_sp1,14.0,9.3798,11.163378254874557,0.0,44.0,4.6202000000000005,0.4138711324219944,44.0,0.10500454545454546,KL,KL_A1_model2.csv
Lasioglossum_sp2,21.0,25.7029,14.016022134601839,0.0,44.0,4.7029,0.3355374267275012,44.0,0.1068840909090909,KL,KL_A1_model2.csv
Lasioglossum_sp6,3.0,1.2771,3.149905995546238,0.0,30.0,1.7229,0.5469687039664258,30.0,0.05743,KL,KL_A1_model2.csv
Lobonyx_aeneus,3.0,0.1346,0.6972312766545361,0.0,17.0,2.8654,4.109683681645492,17.0,0.1685529411764706,KL,KL_A1_model2.csv
Malachius_sp,4.0,0.2301,1.0262842276541104,0.0,21.0,3.7699,3.673348862251611,21.0,0.1795190476190476,KL,KL_A1_model2.csv
Megachilidae_sp,1.0,1.1844,2.9051748043903296,0.0,30.0,0.1843999999999999,0.06347294480226551,30.0,0.006146666666666663,KL,KL_A1_model2.csv
Rhyncomyia_cupraea,1.0,0.4306,1.5379922568134698,0.0,24.0,0.5694,0.3702229302374555,24.0,0.023725,KL,KL_A1_model2.csv
Syrphidae_sp3,2.0,0.4313,1.5834554124143547,0.0,20.0,1.5687,0.990681510638903,20.0,0.078435,KL,KL_A1_model2.csv
Xylocopa_cantabrita,4.0,7.3848,9.821862137985137,0.0,42.0,3.3848000000000003,0.344618968628118,42.0,0.0805904761904762,KL,KL_A1_model2.csv
Acmaeodera_sp,2.0,0.2393,1.4242325490717394,0.0,16.0,1.7607,1.23624474187699,16.0,0.11004375,MAE,MAE_A3_model2.csv
Anthrenus_sp,5.0,20.2848,4.40618093171857,0.0,27.0,15.2848,3.468945156103332,27.0,0.5661037037037038,MAE,MAE_A3_model2.csv
Attagenus_sp,11.0,26.9803,0.14392352621493015,24.0,27.0,15.9803,111.03327176778313,3.0,5.326766666666667,MAE,MAE_A3_model2.csv
Bombylius_sp,1.0,0.0,0.0,0.0,0.0,1.0,,0.0,,MAE,MAE_A3_model2.csv
Buprestidae_sp1,1.0,0.0,0.0,0.0,0.0,1.0,,0.0,,MAE,MAE_A3_model2.csv
Ceratina_sp,4.0,17.2673,5.478782019321596,0.0,27.0,13.267299999999999,2.4215783641713142,27.0,0.4913814814814814,MAE,MAE_A3_model2.csv
Chasmatopterus_sp,12.0,26.9985,0.03870271036993418,26.0,27.0,14.9985,387.5309986468399,1.0,14.9985,MAE,MAE_A3_model2.csv
Coptocephala_sp,2.0,6.9524,6.20351372999687,0.0,25.0,4.9524,0.7983217601426181,25.0,0.198096,MAE,MAE_A3_model2.csv
Curculionidae,1.0,0.0,0.0,0.0,0.0,1.0,,0.0,,MAE,MAE_A3_model2.csv
Halictidae_sp1,1.0,0.1391,1.1217294761669458,0.0,17.0,0.8609,0.7674755975404832,17.0,0.05064117647058824,MAE,MAE_A3_model2.csv
Halictidae_sp3,1.0,0.2686,1.5128393531009257,0.0,17.0,0.7314,0.4834617757006526,17.0,0.04302352941176471,MAE,MAE_A3_model2.csv
Heliotaurus_ruficollis,2.0,0.848,2.6673596459323017,0.0,20.0,1.1520000000000001,0.4318877665247689,20.0,0.057600000000000005,MAE,MAE_A3_model2.csv
Lasioglossum_sp3,3.0,1.872,3.882721153051718,0.0,22.0,1.128,0.2905179011151551,22.0,0.05127272727272727,MAE,MAE_A3_model2.csv
Lasioglossum_sp4,3.0,1.9311,3.9472915905833617,0.0,25.0,1.0689,0.27079327064409486,25.0,0.042755999999999995,MAE,MAE_A3_model2.csv
Lasioglossum_sp5,5.0,13.6054,6.626860672161216,0.0,27.0,8.6054,1.2985635922829086,27.0,0.3187185185185185,MAE,MAE_A3_model2.csv
Malachius_sp,1.0,0.1092,0.9755872780298559,0.0,15.0,0.8908,0.913091037635219,15.0,0.05938666666666667,MAE,MAE_A3_model2.csv
Megachile_apicalis,2.0,11.3348,6.4359498992076105,0.0,27.0,9.3348,1.4504152683272586,27.0,0.34573333333333334,MAE,MAE_A3_model2.csv
Microlepidoptera,3.0,2.0519,4.009565319508476,0.0,24.0,0.9481000000000002,0.2364595472200028,24.0,0.039504166666666674,MAE,MAE_A3_model2.csv
Oedemera_sp,6.0,8.4836,6.902499220539542,0.0,27.0,2.483599999999999,0.359811703072654,27.0,0.09198518518518516,MAE,MAE_A3_model2.csv
Paragus_tibialis,2.0,0.5197,2.1011076543903076,0.0,20.0,1.4803,0.7045331527429748,20.0,0.074015,MAE,MAE_A3_model2.csv
Phthiria_sp1,4.0,7.5315,6.551724983546387,0.0,26.0,3.5315000000000003,0.5390183514828232,26.0,0.1358269230769231,MAE,MAE_A3_model2.csv
Phthiria_sp2,5.0,21.5511,3.90631728376898,0.0,27.0,16.5511,4.237008619031274,27.0,0.6130037037037037,MAE,MAE_A3_model2.csv
Plebejus_argus,9.0,26.6507,0.6790696750425234,18.0,27.0,17.6507,25.992472714813413,9.0,1.9611888888888889,MAE,MAE_A3_model2.csv
Rhyzobius_lophanthae,1.0,3.3122,4.857498398256956,0.0,24.0,2.3122,0.4760063329778348,24.0,0.09634166666666666,MAE,MAE_A3_model2.csv
Tiphia_morio,1.0,0.8161,2.61338167254166,0.0,20.0,0.18389999999999995,0.07036859634098026,20.0,0.009194999999999998,MAE,MAE_A3_model2.csv
Tychius_sp,2.0,16.0641,5.607168200038432,0.0,27.0,14.0641,2.508235797154008,27.0,0.5208925925925926,MAE,MAE_A3_model2.csv
Usia_sp,2.0,0.1303,1.0722112075926855,0.0,14.0,1.8697,1.7437795713755182,14.0,0.13355,MAE,MAE_A3_model2.csv
Xylocopa_cantabrita,2.0,12.4014,6.357398814921805,0.0,27.0,10.4014,1.6361094061908301,27.0,0.38523703703703704,MAE,MAE_A3_model2.csv
Acmaeodera_sp,2.0,0.2494,1.4460320677198333,0.0,14.0,1.7506,1.210623221351116,14.0,0.12504285714285715,RMAE,RMAE_A3_model2.csv
Anthrenus_sp,5.0,19.496,4.894137233254278,0.0,27.0,14.495999999999999,2.9619112233927116,27.0,0.5368888888888889,RMAE,RMAE_A3_model2.csv
Attagenus_sp,11.0,26.9768,0.15831698085373766,24.0,27.0,15.9768,100.9165278029164,3.0,5.3256000000000006,RMAE,RMAE_A3_model2.csv
Bombylius_sp,1.0,0.0,0.0,0.0,0.0,1.0,,0.0,,RMAE,RMAE_A3_model2.csv
Buprestidae_sp1,1.0,0.0,0.0,0.0,0.0,1.0,,0.0,,RMAE,RMAE_A3_model2.csv
Ceratina_sp,4.0,16.4981,5.779458158310381,0.0,27.0,12.4981,2.1625037603272155,27.0,0.46289259259259263,RMAE,RMAE_A3_model2.csv
Chasmatopterus_sp,12.0,26.9985,0.038702710369934105,26.0,27.0,14.9985,387.53099864684066,1.0,14.9985,RMAE,RMAE_A3_model2.csv
Coptocephala_sp,2.0,7.1283,6.216084224035921,0.0,25.0,5.1283,0.825004909066426,25.0,0.205132,RMAE,RMAE_A3_model2.csv
Curculionidae,1.0,0.0,0.0,0.0,0.0,1.0,,0.0,,RMAE,RMAE_A3_model2.csv
Halictidae_sp1,1.0,0.1904,1.2885316726363927,0.0,17.0,0.8096,0.6283120680638937,17.0,0.0476235294117647,RMAE,RMAE_A3_model2.csv
Halictidae_sp3,1.0,0.3496,1.7116871289119204,0.0,17.0,0.6504,0.3799759833524273,17.0,0.03825882352941176,RMAE,RMAE_A3_model2.csv
Heliotaurus_ruficollis,2.0,0.8793,2.7033428040542042,0.0,20.0,1.1207,0.4145608164526104,20.0,0.056035,RMAE,RMAE_A3_model2.csv
Lasioglossum_sp3,3.0,1.8235,3.7943362329589156,0.0,22.0,1.1765,0.3100674077801842,22.0,0.053477272727272734,RMAE,RMAE_A3_model2.csv
Lasioglossum_sp4,3.0,1.8818,3.8580457762604636,0.0,25.0,1.1182,0.28983585598713446,25.0,0.044728000000000004,RMAE,RMAE_A3_model2.csv
Lasioglossum_sp5,5.0,12.6289,6.646382642477259,0.0,27.0,7.6289,1.1478273837626258,27.0,0.28255185185185183,RMAE,RMAE_A3_model2.csv
Malachius_sp,1.0,0.1503,1.1257160537468436,0.0,15.0,0.8497,0.7548084591774726,15.0,0.056646666666666665,RMAE,RMAE_A3_model2.csv
Megachile_apicalis,2.0,11.6535,6.3370382321203875,0.0,27.0,9.6535,1.52334570920995,27.0,0.357537037037037,RMAE,RMAE_A3_model2.csv
Microlepidoptera,3.0,1.9888,3.906814671837904,0.0,24.0,1.0112,0.25882978460411477,24.0,0.042133333333333335,RMAE,RMAE_A3_model2.csv
Oedemera_sp,6.0,8.0001,6.585183099477619,0.0,26.0,2.0000999999999998,0.30372731779601714,26.0,0.07692692307692307,RMAE,RMAE_A3_model2.csv
Paragus_tibialis,2.0,0.533,2.122536575927871,0.0,20.0,1.467,0.6911541674417074,20.0,0.07335,RMAE,RMAE_A3_model2.csv
Phthiria_sp1,4.0,7.0273,6.343467401024983,0.0,26.0,3.0273000000000003,0.4772311117277668,26.0,0.1164346153846154,RMAE,RMAE_A3_model2.csv
Phthiria_sp2,5.0,20.8858,4.332162868996537,0.0,27.0,15.8858,3.6669443140487563,27.0,0.588362962962963,RMAE,RMAE_A3_model2.csv
Plebejus_argus,9.0,26.6037,0.7299997259999463,18.0,27.0,17.6037,24.114666585506765,9.0,1.9559666666666666,RMAE,RMAE_A3_model2.csv
Rhyzobius_lophanthae,1.0,4.4978,5.195988355404483,0.0,24.0,3.4978,0.6731731791434534,24.0,0.14574166666666666,RMAE,RMAE_A3_model2.csv
Tiphia_morio,1.0,1.0995,2.9852790387322106,0.0,20.0,0.09949999999999992,0.03333021761418176,20.0,0.004974999999999996,RMAE,RMAE_A3_model2.csv
Tychius_sp,2.0,16.2622,5.502697441065857,0.0,27.0,14.2622,2.5918561128880553,27.0,0.5282296296296296,RMAE,RMAE_A3_model2.csv
Usia_sp,2.0,0.1271,1.0569093129164728,0.0,14.0,1.8729,1.772053644632815,14.0,0.13377857142857144,RMAE,RMAE_A3_model2.csv
Xylocopa_cantabrita,2.0,12.7093,6.2548625756753315,0.0,27.0,10.7093,1.712155921961839,27.0,0.3966407407407408,RMAE,RMAE_A3_model2.csv
Acmaeodera_sp,2.0,0.0058,0.09147238227832483,0.0,3.0,1.9942,21.801115815833988,3.0,0.6647333333333333,JS,JS_A3_model2.csv
Anthrenus_sp,5.0,1.1886,2.0376568024386397,0.0,26.0,3.8114,1.8704818178598912,26.0,0.1465923076923077,JS,JS_A3_model2.csv
Attagenus_sp,11.0,8.2181,6.226942256917678,0.0,27.0,2.7819000000000003,0.446752175501469,27.0,0.10303333333333334,JS,JS_A3_model2.csv
Bombylius_sp,1.0,0.0,0.0,0.0,0.0,1.0,,0.0,,JS,JS_A3_model2.csv
Buprestidae_sp1,1.0,0.0,0.0,0.0,0.0,1.0,,0.0,,JS,JS_A3_model2.csv
Ceratina_sp,4.0,0.8043,1.626181403348242,0.0,27.0,3.1957,1.965155912753757,27.0,0.11835925925925926,JS,JS_A3_model2.csv
Chasmatopterus_sp,12.0,10.7046,7.032743759620331,0.0,27.0,1.2954000000000008,0.18419553509652314,27.0,0.04797777777777781,JS,JS_A3_model2.csv
Coptocephala_sp,2.0,0.2032,0.6676483621140274,0.0,17.0,1.7968,2.6912370372791017,17.0,0.10569411764705883,JS,JS_A3_model2.csv
Curculionidae,1.0,0.0,0.0,0.0,0.0,1.0,,0.0,,JS,JS_A3_model2.csv
Halictidae_sp1,1.0,0.003,0.06776030656597244,0.0,3.0,0.997,14.713628826771998,3.0,0.3323333333333333,JS,JS_A3_model2.csv
Halictidae_sp3,1.0,0.0091,0.13348772189677122,0.0,8.0,0.9909,7.423154623661068,8.0,0.1238625,JS,JS_A3_model2.csv
Heliotaurus_ruficollis,2.0,0.0208,0.17427104475415317,0.0,4.0,1.9792,11.357021487947627,4.0,0.4948,JS,JS_A3_model2.csv
Lasioglossum_sp3,3.0,0.0381,0.2442424112138256,0.0,11.0,2.9619,12.126886502962671,11.0,0.26926363636363637,JS,JS_A3_model2.csv
Lasioglossum_sp4,3.0,0.0441,0.2544831353284868,0.0,6.0,2.9559,11.615308009249905,6.0,0.49265000000000003,JS,JS_A3_model2.csv
Lasioglossum_sp5,5.0,0.4095,0.9062515540333799,0.0,20.0,4.5905000000000005,5.065370624270311,20.0,0.22952500000000003,JS,JS_A3_model2.csv
Malachius_sp,1.0,0.0034,0.063157255195966,0.0,2.0,0.9966,15.779659785842865,2.0,0.4983,JS,JS_A3_model2.csv
Megachile_apicalis,2.0,0.4355,1.1179287662783566,0.0,23.0,1.5645,1.3994630491603703,23.0,0.06802173913043479,JS,JS_A3_model2.csv
Microlepidoptera,3.0,0.0436,0.274055743700192,0.0,10.0,2.9564,10.78758635044046,10.0,0.29564,JS,JS_A3_model2.csv
Oedemera_sp,6.0,0.1871,0.5019151142157277,0.0,6.0,5.8129,11.581440437558856,6.0,0.9688166666666667,JS,JS_A3_model2.csv
Paragus_tibialis,2.0,0.0118,0.12272842468891497,0.0,2.0,1.9882,16.199996089248078,2.0,0.9941,JS,JS_A3_model2.csv
Phthiria_sp1,4.0,0.1807,0.5692801753019329,0.0,18.0,3.8193,6.708998777226579,18.0,0.21218333333333333,JS,JS_A3_model2.csv
Phthiria_sp2,5.0,1.4913,2.380271177636682,0.0,27.0,3.5087,1.474075741018597,27.0,0.12995185185185185,JS,JS_A3_model2.csv
Plebejus_argus,9.0,4.8856,4.644014354729378,0.0,27.0,4.1144,0.8859576404646492,27.0,0.15238518518518518,JS,JS_A3_model2.csv
Rhyzobius_lophanthae,1.0,0.1075,0.5915900167132542,0.0,17.0,0.8925,1.5086461481526283,17.0,0.0525,JS,JS_A3_model2.csv
Tiphia_morio,1.0,0.0231,0.2564624091299341,0.0,13.0,0.9769,3.8091352386269732,13.0,0.07514615384615385,JS,JS_A3_model2.csv
Tychius_sp,2.0,0.8176,1.7916057672162473,0.0,25.0,1.1824,0.6599666185698787,25.0,0.047296,JS,JS_A3_model2.csv
Usia_sp,2.0,0.0034,0.06472139434444067,0.0,2.0,1.9966,30.849149963832637,2.0,0.9983,JS,JS_A3_model2.csv
Xylocopa_cantabrita,2.0,0.5023,1.3423765892962913,0.0,24.0,1.4977,1.1157077767462655,24.0,0.06240416666666667,JS,JS_A3_model2.csv
Acmaeodera_sp,2.0,0.0039,0.07270019622981208,0.0,2.0,1.9961,27.456597141638273,2.0,0.99805,KS,KS_A3_model2.csv
Anthrenus_sp,5.0,1.4149,2.6593730871244157,0.0,26.0,3.5850999999999997,1.3480996770846372,26.0,0.13788846153846152,KS,KS_A3_model2.csv
Attagenus_sp,11.0,7.866,6.375147704235962,0.0,27.0,3.1340000000000003,0.4915964531955262,27.0,0.1160740740740741,KS,KS_A3_model2.csv
Bombylius_sp,1.0,0.0,0.0,0.0,0.0,1.0,,0.0,,KS,KS_A3_model2.csv
Buprestidae_sp1,1.0,0.0,0.0,0.0,0.0,1.0,,0.0,,KS,KS_A3_model2.csv
Ceratina_sp,4.0,0.9409,2.101249322396438,0.0,26.0,3.0591,1.455848179173307,26.0,0.11765769230769231,KS,KS_A3_model2.csv
Chasmatopterus_sp,12.0,10.1493,7.096086594348701,0.0,27.0,1.8506999999999998,0.2608057237455207,27.0,0.06854444444444444,KS,KS_A3_model2.csv
Coptocephala_sp,2.0,0.1439,0.5107042900614683,0.0,12.0,1.8561,3.6343928103219967,12.0,0.154675,KS,KS_A3_model2.csv
Curculionidae,1.0,0.0,0.0,0.0,0.0,1.0,,0.0,,KS,KS_A3_model2.csv
Halictidae_sp1,1.0,0.0017,0.04793057201800738,0.0,2.0,0.9983,20.82804268692937,2.0,0.49915,KS,KS_A3_model2.csv
Halictidae_sp3,1.0,0.0055,0.11077444243917388,0.0,8.0,0.9945,8.977702600905248,8.0,0.1243125,KS,KS_A3_model2.csv
Heliotaurus_ruficollis,2.0,0.0149,0.16334215030360882,0.0,8.0,1.9851,12.15301743187681,8.0,0.2481375,KS,KS_A3_model2.csv
Lasioglossum_sp3,3.0,0.0316,0.23325282568078035,0.0,11.0,2.9684,12.726105209385214,11.0,0.26985454545454546,KS,KS_A3_model2.csv
Lasioglossum_sp4,3.0,0.0367,0.2614573502401482,0.0,9.0,2.9633,11.333779667231436,9.0,0.3292555555555555,KS,KS_A3_model2.csv
Lasioglossum_sp5,5.0,0.5384,1.412913681902493,0.0,26.0,4.4616,3.157730056086965,26.0,0.1716,KS,KS_A3_model2.csv
Malachius_sp,1.0,0.002,0.052879860324728474,0.0,3.0,0.998,18.87296966881927,3.0,0.33266666666666667,KS,KS_A3_model2.csv
Megachile_apicalis,2.0,0.3419,0.9888893670264721,0.0,21.0,1.6581000000000001,1.6767295263633,21.0,0.07895714285714286,KS,KS_A3_model2.csv
Microlepidoptera,3.0,0.0398,0.33649261912896794,0.0,18.0,2.9602,8.797221192139851,18.0,0.16445555555555555,KS,KS_A3_model2.csv
Oedemera_sp,6.0,0.2632,0.9300603535395563,0.0,23.0,5.7368,6.168201857188409,23.0,0.24942608695652171,KS,KS_A3_model2.csv
Paragus_tibialis,2.0,0.0085,0.10212146140399635,0.0,2.0,1.9915,19.501287707992653,2.0,0.99575,KS,KS_A3_model2.csv
Phthiria_sp1,4.0,0.2015,0.7348140888514025,0.0,18.0,3.7984999999999998,5.169334744162955,18.0,0.21102777777777776,KS,KS_A3_model2.csv
Phthiria_sp2,5.0,1.6974,2.919089815085316,0.0,27.0,3.3026,1.1313800565274745,27.0,0.12231851851851852,KS,KS_A3_model2.csv
Plebejus_argus,9.0,4.8613,5.0211137677159625,0.0,27.0,4.1387,0.8242593558844294,27.0,0.1532851851851852,KS,KS_A3_model2.csv
Rhyzobius_lophanthae,1.0,0.0534,0.3346036998653728,0.0,17.0,0.9466,2.82901832938746,17.0,0.05568235294117647,KS,KS_A3_model2.csv
Tiphia_morio,1.0,0.0106,0.11614210648550291,0.0,2.0,0.9894,8.518874247588224,2.0,0.4947,KS,KS_A3_model2.csv
Tychius_sp,2.0,0.7352,1.7669162853162892,0.0,25.0,1.2648000000000001,0.7158233870562764,25.0,0.050592000000000005,KS,KS_A3_model2.csv
Usia_sp,2.0,0.0029,0.08655829962472351,0.0,7.0,1.9971,23.07231090095919,7.0,0.2853,KS,KS_A3_model2.csv
Xylocopa_cantabrita,2.0,0.4,1.1423355431086382,0.0,24.0,1.6,1.4006392514461377,24.0,0.06666666666666667,KS,KS_A3_model2.csv
Acmaeodera_sp,2.0,0.233,1.3945269701755694,0.0,14.0,1.767,1.2670963257007046,14.0,0.1262142857142857,WASS,WASS_A3_model2.csv
Anthrenus_sp,5.0,20.2813,4.349006978169794,0.0,27.0,15.281300000000002,3.5137446494580877,27.0,0.5659740740740742,WASS,WASS_A3_model2.csv
Attagenus_sp,11.0,26.9799,0.14456168167249842,24.0,27.0,15.9799,110.54035768760731,3.0,5.3266333333333336,WASS,WASS_A3_model2.csv
Bombylius_sp,1.0,0.0,0.0,0.0,0.0,1.0,,0.0,,WASS,WASS_A3_model2.csv
Buprestidae_sp1,1.0,0.0,0.0,0.0,0.0,1.0,,0.0,,WASS,WASS_A3_model2.csv
Ceratina_sp,4.0,17.2903,5.395566432147091,0.0,27.0,13.290299999999998,2.4631890214187036,27.0,0.4922333333333333,WASS,WASS_A3_model2.csv
Chasmatopterus_sp,12.0,26.9983,0.041198054905211556,26.0,27.0,14.9983,364.0535951153052,1.0,14.9983,WASS,WASS_A3_model2.csv
Coptocephala_sp,2.0,6.83,6.2042686349746,0.0,25.0,4.83,0.7784962715464002,25.0,0.1932,WASS,WASS_A3_model2.csv
Curculionidae,1.0,0.0,0.0,0.0,0.0,1.0,,0.0,,WASS,WASS_A3_model2.csv
Halictidae_sp1,1.0,0.1241,1.0689309853050064,0.0,17.0,0.8759,0.8194167930776866,17.0,0.051523529411764704,WASS,WASS_A3_model2.csv
Halictidae_sp3,1.0,0.23,1.4124091085620334,0.0,17.0,0.77,0.545167823778716,17.0,0.045294117647058825,WASS,WASS_A3_model2.csv
Heliotaurus_ruficollis,2.0,0.8148,2.6239263440397704,0.0,20.0,1.1852,0.4516895082410271,20.0,0.05926,WASS,WASS_A3_model2.csv
Lasioglossum_sp3,3.0,1.9544,3.9295629256290963,0.0,22.0,1.0456,0.2660855723114821,22.0,0.04752727272727273,WASS,WASS_A3_model2.csv
Lasioglossum_sp4,3.0,2.0329,4.014078832420621,0.0,25.0,0.9670999999999998,0.24092700725979685,25.0,0.038683999999999996,WASS,WASS_A3_model2.csv
Lasioglossum_sp5,5.0,13.9674,6.2533229282329925,0.0,27.0,8.9674,1.4340215758750086,27.0,0.33212592592592594,WASS,WASS_A3_model2.csv
Malachius_sp,1.0,0.1049,0.9658101619505218,0.0,15.0,0.8951,0.9267866867255593,15.0,0.059673333333333335,WASS,WASS_A3_model2.csv
Megachile_apicalis,2.0,11.1489,6.516346757770549,0.0,27.0,9.1489,1.4039921968686226,27.0,0.3388481481481481,WASS,WASS_A3_model2.csv
Microlepidoptera,3.0,2.1442,4.044285101745237,0.0,24.0,0.8557999999999999,0.21160723798396291,24.0,0.03565833333333333,WASS,WASS_A3_model2.csv
Oedemera_sp,6.0,9.4383,6.559504235807921,0.0,27.0,3.4383,0.5241707111385852,27.0,0.12734444444444445,WASS,WASS_A3_model2.csv
Paragus_tibialis,2.0,0.5099,2.082242916558093,0.0,20.0,1.4901,0.7156225568835678,20.0,0.074505,WASS,WASS_A3_model2.csv
Phthiria_sp1,4.0,7.9518,6.398575695972789,0.0,26.0,3.9518000000000004,0.61760619671769,26.0,0.1519923076923077,WASS,WASS_A3_model2.csv
Phthiria_sp2,5.0,21.5598,3.8344614053901895,0.0,27.0,16.5598,4.31867692727889,27.0,0.6133259259259259,WASS,WASS_A3_model2.csv
Plebejus_argus,9.0,26.6454,0.6908737733168512,18.0,27.0,17.6454,25.54070031531997,9.0,1.9606,WASS,WASS_A3_model2.csv
Rhyzobius_lophanthae,1.0,3.0553,4.755681187837977,0.0,24.0,2.0553,0.43217783506097013,24.0,0.08563749999999999,WASS,WASS_A3_model2.csv
Tiphia_morio,1.0,0.7398,2.5103239098995296,0.0,20.0,0.2602,0.10365196259092077,20.0,0.013009999999999999,WASS,WASS_A3_model2.csv
Tychius_sp,2.0,16.0144,5.6699742063566765,0.0,27.0,14.014399999999998,2.4716867290662954,27.0,0.5190518518518518,WASS,WASS_A3_model2.csv
Usia_sp,2.0,0.1313,1.0797114835402875,0.0,14.0,1.8687,1.7307401361266275,14.0,0.13347857142857142,WASS,WASS_A3_model2.csv
Xylocopa_cantabrita,2.0,12.2492,6.422727185740508,0.0,27.0,10.2492,1.595770722249402,27.0,0.3796,WASS,WASS_A3_model2.csv
Acmaeodera_sp,2.0,0.0057,0.08982380993747242,0.0,3.0,1.9943,22.202353712097707,3.0,0.6647666666666666,HELL,HELL_A3_model2.csv
Anthrenus_sp,5.0,1.2411,2.1999215339360467,0.0,26.0,3.7588999999999997,1.7086518505388082,26.0,0.14457307692307692,HELL,HELL_A3_model2.csv
Attagenus_sp,11.0,8.2001,6.252069163635552,0.0,27.0,2.799899999999999,0.44783573673261623,27.0,0.10369999999999997,HELL,HELL_A3_model2.csv
Bombylius_sp,1.0,0.0,0.0,0.0,0.0,1.0,,0.0,,HELL,HELL_A3_model2.csv
Buprestidae_sp1,1.0,0.0,0.0,0.0,0.0,1.0,,0.0,,HELL,HELL_A3_model2.csv
Ceratina_sp,4.0,0.8251,1.6939294346852114,0.0,27.0,3.1749,1.8742811447691754,27.0,0.1175888888888889,HELL,HELL_A3_model2.csv
Chasmatopterus_sp,12.0,10.665,7.038645413211632,0.0,27.0,1.3350000000000009,0.18966717622885051,27.0,0.04944444444444448,HELL,HELL_A3_model2.csv
Coptocephala_sp,2.0,0.2075,0.6954797762781613,0.0,17.0,1.7925,2.5773574748535593,17.0,0.10544117647058823,HELL,HELL_A3_model2.csv
Curculionidae,1.0,0.0,0.0,0.0,0.0,1.0,,0.0,,HELL,HELL_A3_model2.csv
Halictidae_sp1,1.0,0.0035,0.08993641562729517,0.0,6.0,0.9965,11.080050200461494,6.0,0.16608333333333333,HELL,HELL_A3_model2.csv
Halictidae_sp3,1.0,0.0089,0.13274996141327294,0.0,8.0,0.9911,7.465915541131791,8.0,0.1238875,HELL,HELL_A3_model2.csv
Heliotaurus_ruficollis,2.0,0.0202,0.17203173978062627,0.0,4.0,1.9798,11.508341440507593,4.0,0.49495,HELL,HELL_A3_model2.csv
Lasioglossum_sp3,3.0,0.0381,0.24465153880068588,0.0,11.0,2.9619,12.10660686836316,11.0,0.26926363636363637,HELL,HELL_A3_model2.csv
Lasioglossum_sp4,3.0,0.0435,0.2514240867680354,0.0,6.0,2.9565,11.759016560444646,6.0,0.49275,HELL,HELL_A3_model2.csv
Lasioglossum_sp5,5.0,0.4088,0.9287458300749943,0.0,20.0,4.5912,4.943440768535424,20.0,0.22956,HELL,HELL_A3_model2.csv
Malachius_sp,1.0,0.0031,0.05908247687688279,0.0,2.0,0.9969,16.873023148256962,2.0,0.49845,HELL,HELL_A3_model2.csv
Megachile_apicalis,2.0,0.445,1.1674379174624725,0.0,23.0,1.555,1.3319766102680022,23.0,0.06760869565217391,HELL,HELL_A3_model2.csv
Microlepidoptera,3.0,0.045,0.28772083401768633,0.0,10.0,2.955,10.270372008647643,10.0,0.2955,HELL,HELL_A3_model2.csv
Oedemera_sp,6.0,0.176,0.491577221620858,0.0,6.0,5.824,11.847579065597785,6.0,0.9706666666666667,HELL,HELL_A3_model2.csv
Paragus_tibialis,2.0,0.012,0.12270902880625781,0.0,2.0,1.988,16.20092685387318,2.0,0.994,HELL,HELL_A3_model2.csv
Phthiria_sp1,4.0,0.1796,0.5832476813376799,0.0,18.0,3.8204,6.550218924553465,18.0,0.21224444444444443,HELL,HELL_A3_model2.csv
Phthiria_sp2,5.0,1.5413,2.529651008226696,0.0,27.0,3.4587000000000003,1.3672637011002455,27.0,0.12810000000000002,HELL,HELL_A3_model2.csv
Plebejus_argus,9.0,4.9227,4.740060287290943,0.0,27.0,4.0773,0.8601789329414361,27.0,0.15101111111111112,HELL,HELL_A3_model2.csv
Rhyzobius_lophanthae,1.0,0.1094,0.5982202159261032,0.0,17.0,0.8906000000000001,1.4887494208487495,17.0,0.05238823529411765,HELL,HELL_A3_model2.csv
Tiphia_morio,1.0,0.024,0.274283654548198,0.0,13.0,0.976,3.558360054694744,13.0,0.07507692307692307,HELL,HELL_A3_model2.csv
Tychius_sp,2.0,0.835,1.8762001526226535,0.0,25.0,1.165,0.620935883824282,25.0,0.0466,HELL,HELL_A3_model2.csv
Usia_sp,2.0,0.0033,0.0623658476242807,0.0,2.0,1.9967,32.015920188065095,2.0,0.99835,HELL,HELL_A3_model2.csv
Xylocopa_cantabrita,2.0,0.5195,1.4106093477193367,0.0,24.0,1.4805000000000001,1.0495464264388026,24.0,0.061687500000000006,HELL,HELL_A3_model2.csv
Acmaeodera_sp,2.0,0.0071,0.1290397424265587,0.0,7.0,1.9929,15.444079184629754,7.0,0.2847,KL,KL_A3_model2.csv
Anthrenus_sp,5.0,1.4625,2.779706176314804,0.0,26.0,3.5375,1.2726165197394501,26.0,0.13605769230769232,KL,KL_A3_model2.csv
Attagenus_sp,11.0,8.4339,6.626297727400807,0.0,27.0,2.5661000000000005,0.3872599912600915,27.0,0.09504074074074076,KL,KL_A3_model2.csv
Bombylius_sp,1.0,0.0,0.0,0.0,0.0,1.0,,0.0,,KL,KL_A3_model2.csv
Buprestidae_sp1,1.0,0.0,0.0,0.0,0.0,1.0,,0.0,,KL,KL_A3_model2.csv
Ceratina_sp,4.0,0.9847,2.1551172504150014,0.0,27.0,3.0153,1.3991350119903485,27.0,0.11167777777777778,KL,KL_A3_model2.csv
Chasmatopterus_sp,12.0,10.7973,7.278194138726468,0.0,27.0,1.2027,0.16524703478306055,27.0,0.04454444444444445,KL,KL_A3_model2.csv
Coptocephala_sp,2.0,0.2454,0.8631647266510205,0.0,17.0,1.7546,2.0327522034034518,17.0,0.10321176470588235,KL,KL_A3_model2.csv
Curculionidae,1.0,0.0,0.0,0.0,0.0,1.0,,0.0,,KL,KL_A3_model2.csv
Halictidae_sp1,1.0,0.004,0.10288371351118014,0.0,6.0,0.996,9.680832524496376,6.0,0.166,KL,KL_A3_model2.csv
Halictidae_sp3,1.0,0.0117,0.1771051851998197,0.0,8.0,0.9883,5.5802996331527295,8.0,0.1235375,KL,KL_A3_model2.csv
Heliotaurus_ruficollis,2.0,0.0249,0.2559033775741645,0.0,12.0,1.9751,7.718147445817075,12.0,0.16459166666666666,KL,KL_A3_model2.csv
Lasioglossum_sp3,3.0,0.0411,0.2749879121619412,0.0,11.0,2.9589,10.760109332578573,11.0,0.26899090909090906,KL,KL_A3_model2.csv
Lasioglossum_sp4,3.0,0.0484,0.3125175302613795,0.0,10.0,2.9516,9.444590188369201,10.0,0.29516,KL,KL_A3_model2.csv
Lasioglossum_sp5,5.0,0.4149,1.015805678325148,0.0,20.0,4.5851,4.513757008682877,20.0,0.229255,KL,KL_A3_model2.csv
Malachius_sp,1.0,0.0043,0.09317928008856784,0.0,6.0,0.9957,10.685852037637307,6.0,0.16595000000000001,KL,KL_A3_model2.csv
Megachile_apicalis,2.0,0.5317,1.4582893302692281,0.0,23.0,1.4683000000000002,1.0068646663751726,23.0,0.06383913043478262,KL,KL_A3_model2.csv
Microlepidoptera,3.0,0.0471,0.3054356218451102,0.0,10.0,2.9529,9.667831087159337,10.0,0.29529,KL,KL_A3_model2.csv
Oedemera_sp,6.0,0.1501,0.4862032798767783,0.0,15.0,5.8499,12.031798719010244,15.0,0.3899933333333333,KL,KL_A3_model2.csv
Paragus_tibialis,2.0,0.0125,0.12862894130192495,0.0,3.0,1.9875,15.451421584313831,3.0,0.6625,KL,KL_A3_model2.csv
Phthiria_sp1,4.0,0.1818,0.6580213212396099,0.0,18.0,3.8182,5.802547541783456,18.0,0.2121222222222222,KL,KL_A3_model2.csv
Phthiria_sp2,5.0,1.8008,3.1463485679325323,0.0,27.0,3.1992000000000003,1.016797704045295,27.0,0.1184888888888889,KL,KL_A3_model2.csv
Plebejus_argus,9.0,5.2679,5.354922698761475,0.0,27.0,3.7321,0.6969475023165483,27.0,0.13822592592592592,KL,KL_A3_model2.csv
Rhyzobius_lophanthae,1.0,0.1291,0.7097066706434684,0.0,17.0,0.8709,1.2271266933568241,17.0,0.051229411764705884,KL,KL_A3_model2.csv
Tiphia_morio,1.0,0.0256,0.29453915755215526,0.0,13.0,0.9744,3.308218873503972,13.0,0.07495384615384616,KL,KL_A3_model2.csv
Tychius_sp,2.0,0.973,2.228714364105838,0.0,25.0,1.0270000000000001,0.46080377842049464,25.0,0.041080000000000005,KL,KL_A3_model2.csv
Usia_sp,2.0,0.0035,0.0740830535944826,0.0,4.0,1.9965,26.949483088649185,4.0,0.499125,KL,KL_A3_model2.csv
Xylocopa_cantabrita,2.0,0.5978,1.617064207032293,0.0,24.0,1.4022000000000001,0.8671269785714811,24.0,0.058425000000000005,KL,KL_A3_model2.csv
Ancistrocerus_sp,1.0,2.696,5.0655058913195985,0.0,30.0,1.6960000000000002,0.33481354802218594,30.0,0.05653333333333334,MAE,MAE_A2_model2.csv
Andrena_sp,5.0,36.6266,5.287661900768404,0.0,48.0,31.626600000000003,5.98120692917299,48.0,0.6588875000000001,MAE,MAE_A2_model2.csv
Anthidiellum_strigatum,1.0,0.0,0.0,0.0,0.0,1.0,,0.0,,MAE,MAE_A2_model2.csv
Anthophora_sp,1.0,9.1645,8.120149840572129,0.0,37.0,8.1645,1.0054617415070688,37.0,0.22066216216216217,MAE,MAE_A2_model2.csv
Anthrenus_sp,6.0,4.3083,6.423346250024582,0.0,32.0,1.6917,0.2633673998180506,32.0,0.052865625,MAE,MAE_A2_model2.csv
Apis_mellifera,8.0,18.7051,9.46485564281008,0.0,43.0,10.705100000000002,1.131036795910571,43.0,0.2489558139534884,MAE,MAE_A2_model2.csv
Attagenus_sp,8.0,46.3136,1.312031700348077,37.0,48.0,38.3136,29.20173345646721,11.0,3.4830545454545456,MAE,MAE_A2_model2.csv
Bombus_terrestris,14.0,46.5333,1.2083199550248975,38.0,48.0,32.5333,26.92440844389568,10.0,3.2533299999999996,MAE,MAE_A2_model2.csv
Bombylius_sp,5.0,39.2204,4.35459758094927,0.0,48.0,34.2204,7.858452902676762,48.0,0.7129249999999999,MAE,MAE_A2_model2.csv
Ceratina_sp,7.0,12.5084,9.331722110294246,0.0,40.0,5.5084,0.5902876162507491,40.0,0.13771,MAE,MAE_A2_model2.csv
Chasmatopterus_sp,8.0,32.9287,6.446392162069476,0.0,47.0,24.9287,3.8670777968923895,47.0,0.5303978723404256,MAE,MAE_A2_model2.csv
Dasypoda_sp,2.0,15.3286,9.054535907601808,0.0,40.0,13.3286,1.4720356886331265,40.0,0.333215,MAE,MAE_A2_model2.csv
Diptera_sp1,2.0,10.2845,8.514317888763069,0.0,40.0,8.2845,0.9730080680841885,40.0,0.20711249999999998,MAE,MAE_A2_model2.csv
Diptera_sp10,1.0,1.4885,3.9298361430485933,0.0,27.0,0.48849999999999993,0.12430543722900447,27.0,0.01809259259259259,MAE,MAE_A2_model2.csv
Diptera_sp3,2.0,1.2055,3.553158066174986,0.0,24.0,0.7945,0.2236038997429934,24.0,0.033104166666666664,MAE,MAE_A2_model2.csv
Diptera_sp7,2.0,3.5186,5.824452460501903,0.0,31.0,1.5186000000000002,0.2607283706577184,31.0,0.04898709677419356,MAE,MAE_A2_model2.csv
Diptera_sp8,1.0,0.9065,3.057137935919135,0.0,23.0,0.09350000000000003,0.030584161382266533,23.0,0.004065217391304349,MAE,MAE_A2_model2.csv
Episyrphus_sp,1.0,0.0,0.0,0.0,0.0,1.0,,0.0,,MAE,MAE_A2_model2.csv
Eucera_sp,1.0,7.6681,7.68729157995088,0.0,35.0,6.6681,0.8674186390159806,35.0,0.19051714285714286,MAE,MAE_A2_model2.csv
Halictidae_sp1,4.0,6.6379,7.619736847750262,0.0,35.0,2.6379,0.3461930579372756,35.0,0.07536857142857144,MAE,MAE_A2_model2.csv
Halictus_sp,4.0,3.9753,6.192117904434173,0.0,31.0,0.024700000000000166,0.003988942132757599,31.0,0.0007967741935483925,MAE,MAE_A2_model2.csv
Heliotaurus_ruficollis,3.0,21.9107,8.818350290172416,0.0,44.0,18.9107,2.144471400855438,44.0,0.42978863636363634,MAE,MAE_A2_model2.csv
Lasioglossum_sp2,24.0,47.8922,0.32185325686078625,46.0,48.0,23.892200000000003,74.23320873939232,2.0,11.946100000000001,MAE,MAE_A2_model2.csv
Lasioglossum_sp3,4.0,3.8652,6.125567828219829,0.0,33.0,0.1347999999999998,0.02200612315139027,33.0,0.004084848484848479,MAE,MAE_A2_model2.csv
Lasioglossum_sp4,1.0,0.2961,1.8054225945951012,0.0,22.0,0.7039,0.3898810184979779,22.0,0.03199545454545454,MAE,MAE_A2_model2.csv
Lasioglossum_sp6,1.0,5.9959,7.154788766289955,0.0,36.0,4.9959,0.6982596081016903,36.0,0.13877499999999998,MAE,MAE_A2_model2.csv
Lobonyx_aeneus,4.0,10.2322,8.636350028465813,0.0,39.0,6.232200000000001,0.7216242949230147,39.0,0.15980000000000003,MAE,MAE_A2_model2.csv
Lomatia_sp,2.0,29.5841,7.258208825153415,0.0,46.0,27.5841,3.8004004382468235,46.0,0.599654347826087,MAE,MAE_A2_model2.csv
Mordellidae_sp,1.0,0.8984,3.046244474847692,0.0,24.0,0.10160000000000002,0.03335254305387944,24.0,0.004233333333333335,MAE,MAE_A2_model2.csv
Mylabris_sp,1.0,0.9309,3.1041083645507506,0.0,30.0,0.06910000000000005,0.02226082078484419,30.0,0.002303333333333335,MAE,MAE_A2_model2.csv
Nustera_distigma,6.0,7.8043,8.175884418128843,0.0,38.0,1.8042999999999996,0.2206856050948109,38.0,0.04748157894736841,MAE,MAE_A2_model2.csv
Phthiria_sp,2.0,4.3458,6.337194833981077,0.0,35.0,2.3457999999999997,0.3701637808926807,35.0,0.06702285714285713,MAE,MAE_A2_model2.csv
Phthiria_sp1,6.0,5.127,6.977043708755976,0.0,36.0,0.8730000000000002,0.12512462820096884,36.0,0.024250000000000008,MAE,MAE_A2_model2.csv
Plebejus_argus,2.0,2.2117,4.699669328706005,0.0,30.0,0.2117,0.04504572241006772,30.0,0.007056666666666667,MAE,MAE_A2_model2.csv
Rhyncomyia_cupraea,21.0,44.7062,2.0582772433569407,25.0,48.0,23.706200000000003,11.517496040201296,23.0,1.030704347826087,MAE,MAE_A2_model2.csv
Scaeva_sp,1.0,7.5161,7.689554845072077,0.0,36.0,6.5161,0.8473962578179546,36.0,0.18100277777777776,MAE,MAE_A2_model2.csv
Sphaerophoria_scripta,4.0,19.8088,9.059660606503462,0.0,43.0,15.808800000000002,1.7449660298148124,43.0,0.367646511627907,MAE,MAE_A2_model2.csv
Syrphidae_sp5,1.0,0.0,0.0,0.0,0.0,1.0,,0.0,,MAE,MAE_A2_model2.csv
Tiphia_morio,1.0,1.7792,4.243211972643414,0.0,29.0,0.7791999999999999,0.18363447431417806,29.0,0.026868965517241376,MAE,MAE_A2_model2.csv
Vespidae,3.0,5.4149,7.00426041466161,0.0,34.0,2.4149000000000003,0.3447758731164579,34.0,0.0710264705882353,MAE,MAE_A2_model2.csv
Vespula_sp,1.0,2.0592,4.545763055436959,0.0,29.0,1.0592000000000001,0.23300818522275246,29.0,0.03652413793103449,MAE,MAE_A2_model2.csv
Xylocopa_cantabrita,8.0,45.6997,1.583531075497634,36.0,48.0,37.6997,23.807363545519717,12.0,3.1416416666666667,MAE,MAE_A2_model2.csv
Ancistrocerus_sp,1.0,3.1555,5.377416797230929,0.0,30.0,2.1555,0.40084302208264067,30.0,0.07185,RMAE,RMAE_A2_model2.csv
Andrena_sp,5.0,35.7556,5.783944505387677,0.0,48.0,30.7556,5.31740924750428,48.0,0.6407416666666667,RMAE,RMAE_A2_model2.csv
Anthidiellum_strigatum,1.0,0.0,0.0,0.0,0.0,1.0,,0.0,,RMAE,RMAE_A2_model2.csv
Anthophora_sp,1.0,10.6804,8.207605760465842,0.0,37.0,9.6804,1.1794426148765906,37.0,0.26163243243243245,RMAE,RMAE_A2_model2.csv
Anthrenus_sp,6.0,4.0874,6.103547048123474,0.0,32.0,1.9126000000000003,0.3133587707148135,32.0,0.05976875000000001,RMAE,RMAE_A2_model2.csv
Apis_mellifera,8.0,17.0167,9.296486625406255,0.0,43.0,9.0167,0.9699040469071801,43.0,0.2096906976744186,RMAE,RMAE_A2_model2.csv
Attagenus_sp,8.0,46.2702,1.348767540159436,37.0,48.0,38.2702,28.374200045973925,11.0,3.479109090909091,RMAE,RMAE_A2_model2.csv
Bombus_terrestris,14.0,46.4947,1.2396473621793624,38.0,48.0,32.4947,26.21285777825775,10.0,3.24947,RMAE,RMAE_A2_model2.csv
Bombylius_sp,5.0,38.6076,4.719411989321604,0.0,48.0,33.6076,7.121141378638348,48.0,0.7001583333333333,RMAE,RMAE_A2_model2.csv
Ceratina_sp,7.0,11.524,8.844922117504852,0.0,40.0,4.523999999999999,0.5114799135479801,40.0,0.11309999999999998,RMAE,RMAE_A2_model2.csv
Chasmatopterus_sp,8.0,31.3197,7.254057764134809,0.0,47.0,23.3197,3.2147110980141664,47.0,0.49616382978723406,RMAE,RMAE_A2_model2.csv
Dasypoda_sp,2.0,15.0016,9.014007026415475,0.0,40.0,13.0016,1.4423773979650687,40.0,0.32504,RMAE,RMAE_A2_model2.csv
Diptera_sp1,2.0,9.9803,8.48058393864442,0.0,41.0,7.9803,0.9410083147264516,41.0,0.19464146341463415,RMAE,RMAE_A2_model2.csv
Diptera_sp10,1.0,1.7363,4.180730816617606,0.0,27.0,0.7363,0.17611753358368545,27.0,0.02727037037037037,RMAE,RMAE_A2_model2.csv
Diptera_sp3,2.0,1.1524,3.4516902608092854,0.0,27.0,0.8475999999999999,0.24556085162788363,27.0,0.03139259259259259,RMAE,RMAE_A2_model2.csv
Diptera_sp7,2.0,3.3683,5.623256815380315,0.0,32.0,1.3683,0.24332874078550484,32.0,0.042759375,RMAE,RMAE_A2_model2.csv
Diptera_sp8,1.0,1.0431,3.241557212099755,0.0,23.0,0.043099999999999916,0.013296078760887089,23.0,0.0018739130434782573,RMAE,RMAE_A2_model2.csv
Episyrphus_sp,1.0,0.0,0.0,0.0,0.0,1.0,,0.0,,RMAE,RMAE_A2_model2.csv
Eucera_sp,1.0,9.0803,7.878671160540049,0.0,35.0,8.0803,1.0255917318227215,35.0,0.23086571428571426,RMAE,RMAE_A2_model2.csv
Halictidae_sp1,4.0,6.0383,7.223728354190344,0.0,35.0,2.0382999999999996,0.2821673102944993,35.0,0.05823714285714284,RMAE,RMAE_A2_model2.csv
Halictus_sp,4.0,3.74,5.929529149232106,0.0,30.0,0.2599999999999998,0.04384833828393788,30.0,0.00866666666666666,RMAE,RMAE_A2_model2.csv
Heliotaurus_ruficollis,3.0,20.6899,8.979053420602485,0.0,44.0,17.6899,1.9701297198444587,44.0,0.4020431818181818,RMAE,RMAE_A2_model2.csv
Lasioglossum_sp2,24.0,47.8919,0.32561479158547224,46.0,48.0,23.8919,73.37473793394456,2.0,11.94595,RMAE,RMAE_A2_model2.csv
Lasioglossum_sp3,4.0,3.6186,5.835455363031186,0.0,33.0,0.3814000000000002,0.06535908104382872,33.0,0.011557575757575763,RMAE,RMAE_A2_model2.csv
Lasioglossum_sp4,1.0,0.3383,1.9037897865980768,0.0,22.0,0.6617,0.34756988647491693,22.0,0.030077272727272727,RMAE,RMAE_A2_model2.csv
Lasioglossum_sp6,1.0,7.0036,7.380056474266072,0.0,37.0,6.0036,0.8134897098598479,37.0,0.16225945945945944,RMAE,RMAE_A2_model2.csv
Lobonyx_aeneus,4.0,9.308,8.335843366358485,0.0,39.0,5.308,0.6367682028937643,39.0,0.1361025641025641,RMAE,RMAE_A2_model2.csv
Lomatia_sp,2.0,29.2534,7.410565436456829,0.0,46.0,27.2534,3.677641096848679,46.0,0.5924652173913043,RMAE,RMAE_A2_model2.csv
Mordellidae_sp,1.0,1.0905,3.319610177592121,0.0,24.0,0.09050000000000002,0.027262237177994253,24.0,0.0037708333333333344,RMAE,RMAE_A2_model2.csv
Mylabris_sp,1.0,1.0612,3.298293867174883,0.0,30.0,0.06119999999999992,0.018555047689677237,30.0,0.0020399999999999975,RMAE,RMAE_A2_model2.csv
Nustera_distigma,6.0,7.2204,7.738669946525313,0.0,38.0,1.2203999999999997,0.15770151827549683,38.0,0.0321157894736842,RMAE,RMAE_A2_model2.csv
Phthiria_sp,2.0,4.2128,6.203754090587538,0.0,35.0,2.2127999999999997,0.35668725221673514,35.0,0.06322285714285714,RMAE,RMAE_A2_model2.csv
Phthiria_sp1,6.0,4.8093,6.583514849742336,0.0,36.0,1.1906999999999996,0.18086083606944411,36.0,0.03307499999999999,RMAE,RMAE_A2_model2.csv
Plebejus_argus,2.0,2.1687,4.571403513474637,0.0,30.0,0.16869999999999985,0.03690332728291014,30.0,0.005623333333333328,RMAE,RMAE_A2_model2.csv
Rhyncomyia_cupraea,21.0,44.5365,2.1904217732561237,25.0,48.0,23.536499999999997,10.745190851993918,23.0,1.0233260869565215,RMAE,RMAE_A2_model2.csv
Scaeva_sp,1.0,8.7865,7.869174679787826,0.0,38.0,7.7865,0.9894938563252157,38.0,0.20490789473684212,RMAE,RMAE_A2_model2.csv
Sphaerophoria_scripta,4.0,18.2833,9.183423906009358,0.0,43.0,14.2833,1.5553349323941625,43.0,0.3321697674418605,RMAE,RMAE_A2_model2.csv
Syrphidae_sp5,1.0,0.0,0.0,0.0,0.0,1.0,,0.0,,RMAE,RMAE_A2_model2.csv
Tiphia_morio,1.0,2.1398,4.5856470400454485,0.0,29.0,1.1398000000000001,0.2485581620317432,29.0,0.039303448275862074,RMAE,RMAE_A2_model2.csv
Vespidae,3.0,5.0353,6.716335669580748,0.0,34.0,2.0353000000000003,0.30303726617151777,34.0,0.059861764705882364,RMAE,RMAE_A2_model2.csv
Vespula_sp,1.0,2.4447,4.853400607795118,0.0,29.0,1.4447,0.29766757717869946,29.0,0.049817241379310345,RMAE,RMAE_A2_model2.csv
Xylocopa_cantabrita,8.0,45.5964,1.6502058532000785,35.0,48.0,37.5964,22.782854591803247,13.0,2.8920307692307694,RMAE,RMAE_A2_model2.csv
Ancistrocerus_sp,1.0,0.2843,1.4152292384556475,0.0,27.0,0.7157,0.5057131244553704,27.0,0.026507407407407407,JS,JS_A2_model2.csv
Andrena_sp,5.0,8.2451,10.928520908472692,0.0,47.0,3.2451000000000008,0.2969386275762287,47.0,0.06904468085106384,JS,JS_A2_model2.csv
Anthidiellum_strigatum,1.0,0.0,0.0,0.0,0.0,1.0,,0.0,,JS,JS_A2_model2.csv
Anthophora_sp,1.0,1.2758,3.5824597362393606,0.0,34.0,0.27580000000000005,0.07698621067811844,34.0,0.008111764705882355,JS,JS_A2_model2.csv
Anthrenus_sp,6.0,0.2335,1.1375883089747665,0.0,26.0,5.7665,5.069057016942242,26.0,0.22178846153846152,JS,JS_A2_model2.csv
Apis_mellifera,8.0,1.5102,3.5941602299808313,0.0,36.0,6.4898,1.8056512744938507,36.0,0.18027222222222222,JS,JS_A2_model2.csv
Attagenus_sp,8.0,17.6146,14.77977371312233,0.0,48.0,9.6146,0.6505241681382177,48.0,0.20030416666666664,JS,JS_A2_model2.csv
Bombus_terrestris,14.0,17.9813,14.797873090914202,0.0,48.0,3.981300000000001,0.26904542129398945,48.0,0.08294375000000002,JS,JS_A2_model2.csv
Bombylius_sp,5.0,9.6793,11.932614560062857,0.0,48.0,4.6793,0.3921437314887468,48.0,0.09748541666666666,JS,JS_A2_model2.csv
Ceratina_sp,7.0,0.8261,2.409157361800879,0.0,34.0,6.1739,2.562680254055685,34.0,0.18158529411764704,JS,JS_A2_model2.csv
Chasmatopterus_sp,8.0,6.0951,9.202549901112635,0.0,46.0,1.9048999999999996,0.20699697588922475,46.0,0.04141086956521738,JS,JS_A2_model2.csv
Dasypoda_sp,2.0,2.0612,4.660410550868917,0.0,36.0,0.06119999999999992,0.013131890277046384,36.0,0.0016999999999999977,JS,JS_A2_model2.csv
Diptera_sp1,2.0,1.1733,3.2572884586432123,0.0,40.0,0.8267,0.253800058084003,40.0,0.0206675,JS,JS_A2_model2.csv
Diptera_sp10,1.0,0.1631,1.0763894515579124,0.0,24.0,0.8369,0.7775066903421551,24.0,0.03487083333333333,JS,JS_A2_model2.csv
Diptera_sp3,2.0,0.0779,0.7004860156104525,0.0,20.0,1.9221,2.743951994994429,20.0,0.096105,JS,JS_A2_model2.csv
Diptera_sp7,2.0,0.313,1.5097877155065902,0.0,25.0,1.687,1.1173756301454265,25.0,0.06748,JS,JS_A2_model2.csv
Diptera_sp8,1.0,0.0842,0.7398412644004451,0.0,18.0,0.9158,1.237833092132471,18.0,0.05087777777777777,JS,JS_A2_model2.csv
Episyrphus_sp,1.0,0.0,0.0,0.0,0.0,1.0,,0.0,,JS,JS_A2_model2.csv
Eucera_sp,1.0,1.023,3.0351593400053805,0.0,33.0,0.02299999999999991,0.0075778558630662,33.0,0.0006969696969696942,JS,JS_A2_model2.csv
Halictidae_sp1,4.0,0.4981,1.8511993636311599,0.0,29.0,3.5019,1.891692525828748,29.0,0.1207551724137931,JS,JS_A2_model2.csv
Halictus_sp,4.0,0.254,1.2281835544756126,0.0,29.0,3.746,3.050032697758601,29.0,0.12917241379310346,JS,JS_A2_model2.csv
Heliotaurus_ruficollis,3.0,3.4094,6.47119612420514,0.0,42.0,0.4094000000000002,0.06326496557084135,42.0,0.009747619047619052,JS,JS_A2_model2.csv
Lasioglossum_sp2,24.0,28.4491,15.093084154967505,0.0,48.0,4.449100000000001,0.29477739303107864,48.0,0.09268958333333337,JS,JS_A2_model2.csv
Lasioglossum_sp3,4.0,0.2588,1.333341794152578,0.0,26.0,3.7412,2.805882194953445,26.0,0.1438923076923077,JS,JS_A2_model2.csv
Lasioglossum_sp4,1.0,0.0325,0.4563601389885466,0.0,17.0,0.9675,2.1200361673662336,17.0,0.056911764705882356,JS,JS_A2_model2.csv
Lasioglossum_sp6,1.0,0.7102,2.4671490920623835,0.0,30.0,0.28979999999999995,0.11746351322357464,30.0,0.009659999999999998,JS,JS_A2_model2.csv
Lobonyx_aeneus,4.0,0.8282,2.599146074392825,0.0,32.0,3.1718,1.2203238714626496,32.0,0.09911875,JS,JS_A2_model2.csv
Lomatia_sp,2.0,5.9275,9.103610894756658,0.0,45.0,3.9275,0.43142221755788074,45.0,0.08727777777777779,JS,JS_A2_model2.csv
Mordellidae_sp,1.0,0.0914,0.8141942834687087,0.0,26.0,0.9086,1.1159498641148584,26.0,0.03494615384615384,JS,JS_A2_model2.csv
Mylabris_sp,1.0,0.0963,0.7957949729446012,0.0,16.0,0.9037,1.1355940043905133,16.0,0.05648125,JS,JS_A2_model2.csv
Nustera_distigma,6.0,0.4902,1.8088756627021993,0.0,27.0,5.5098,3.0459805024791775,27.0,0.20406666666666667,JS,JS_A2_model2.csv
Phthiria_sp,2.0,0.3983,1.7123522783097243,0.0,28.0,1.6017000000000001,0.9353799567347498,28.0,0.05720357142857143,JS,JS_A2_model2.csv
Phthiria_sp1,6.0,0.285,1.2719814439210053,0.0,26.0,5.715,4.492990072546155,26.0,0.21980769230769232,JS,JS_A2_model2.csv
Plebejus_argus,2.0,0.1713,1.0884276629513532,0.0,24.0,1.8287,1.680130028155792,24.0,0.07619583333333334,JS,JS_A2_model2.csv
Rhyncomyia_cupraea,21.0,13.6972,13.66196095286863,0.0,48.0,7.3027999999999995,0.5345352709756219,48.0,0.15214166666666665,JS,JS_A2_model2.csv
Scaeva_sp,1.0,0.9287,2.8738897393990945,0.0,32.0,0.07130000000000003,0.0248095809044185,32.0,0.002228125000000001,JS,JS_A2_model2.csv
Sphaerophoria_scripta,4.0,2.5771,5.407955268677689,0.0,39.0,1.4228999999999998,0.2631123833884662,39.0,0.03648461538461538,JS,JS_A2_model2.csv
Syrphidae_sp5,1.0,0.0,0.0,0.0,0.0,1.0,,0.0,,JS,JS_A2_model2.csv
Tiphia_morio,1.0,0.1843,1.1637306118228952,0.0,24.0,0.8157,0.7009354155617409,24.0,0.0339875,JS,JS_A2_model2.csv
Vespidae,3.0,0.4529,1.8133147550935844,0.0,32.0,2.5471,1.4046651265839092,32.0,0.079596875,JS,JS_A2_model2.csv
Vespula_sp,1.0,0.2137,1.2162155351839565,0.0,20.0,0.7863,0.6465136953550503,20.0,0.039315,JS,JS_A2_model2.csv
Xylocopa_cantabrita,8.0,16.0806,14.483351835401875,0.0,48.0,8.0806,0.5579233379008627,48.0,0.16834583333333333,JS,JS_A2_model2.csv
Ancistrocerus_sp,1.0,0.1459,0.9858551521588274,0.0,27.0,0.8541,0.8663544518986286,27.0,0.03163333333333333,KS,KS_A2_model2.csv
Andrena_sp,5.0,8.002,10.715627768257308,0.0,47.0,3.0020000000000007,0.280151575336796,47.0,0.06387234042553193,KS,KS_A2_model2.csv
Anthidiellum_strigatum,1.0,0.0,0.0,0.0,0.0,1.0,,0.0,,KS,KS_A2_model2.csv
Anthophora_sp,1.0,0.6888,2.394228016037584,0.0,33.0,0.31120000000000003,0.12997926593267084,33.0,0.009430303030303032,KS,KS_A2_model2.csv
Anthrenus_sp,6.0,0.308,1.4319710381517536,0.0,26.0,5.692,3.974940727395346,26.0,0.21892307692307694,KS,KS_A2_model2.csv
Apis_mellifera,8.0,2.5616,5.313758466745008,0.0,40.0,5.4384,1.0234563791401197,40.0,0.13596,KS,KS_A2_model2.csv
Attagenus_sp,8.0,16.9569,14.658790209394528,0.0,48.0,8.956900000000001,0.6110258672137692,48.0,0.18660208333333336,KS,KS_A2_model2.csv
Bombus_terrestris,14.0,17.5492,14.795048790283532,0.0,48.0,3.549199999999999,0.23989106425461015,48.0,0.07394166666666664,KS,KS_A2_model2.csv
Bombylius_sp,5.0,9.2648,11.58124749279407,0.0,47.0,4.264799999999999,0.3682504844710025,47.0,0.09074042553191487,KS,KS_A2_model2.csv
Ceratina_sp,7.0,1.3355,3.427202112719964,0.0,36.0,5.6645,1.6528059372326973,36.0,0.15734722222222222,KS,KS_A2_model2.csv
Chasmatopterus_sp,8.0,6.4972,9.419695601585142,0.0,45.0,1.5027999999999997,0.15953806402694257,45.0,0.033395555555555546,KS,KS_A2_model2.csv
Dasypoda_sp,2.0,1.6496,3.9789198308463147,0.0,36.0,0.35040000000000004,0.08806410153920344,36.0,0.009733333333333335,KS,KS_A2_model2.csv
Diptera_sp1,2.0,0.8596,2.6547679030871856,0.0,36.0,1.1404,0.42956674241610643,36.0,0.03167777777777778,KS,KS_A2_model2.csv
Diptera_sp10,1.0,0.071,0.5883822051710398,0.0,18.0,0.929,1.578905670218127,18.0,0.051611111111111115,KS,KS_A2_model2.csv
Diptera_sp3,2.0,0.0566,0.5836355909729171,0.0,20.0,1.9434,3.3298174923848696,20.0,0.09717,KS,KS_A2_model2.csv
Diptera_sp7,2.0,0.2056,1.1203812589545317,0.0,24.0,1.7944,1.6015976576352406,24.0,0.07476666666666666,KS,KS_A2_model2.csv
Diptera_sp8,1.0,0.0469,0.503513398604504,0.0,13.0,0.9531000000000001,1.89289898271135,13.0,0.07331538461538462,KS,KS_A2_model2.csv
Episyrphus_sp,1.0,0.0,0.0,0.0,0.0,1.0,,0.0,,KS,KS_A2_model2.csv
Eucera_sp,1.0,0.5574,2.021116951433815,0.0,28.0,0.4426,0.21898782239494452,28.0,0.015807142857142856,KS,KS_A2_model2.csv
Halictidae_sp1,4.0,0.5201,1.9162367250208463,0.0,29.0,3.4798999999999998,1.816007362014285,29.0,0.11999655172413792,KS,KS_A2_model2.csv
Halictus_sp,4.0,0.2597,1.2692584495291626,0.0,25.0,3.7403,2.94683876352171,25.0,0.149612,KS,KS_A2_model2.csv
Heliotaurus_ruficollis,3.0,3.1758,5.9995244636036675,0.0,42.0,0.17580000000000018,0.029302322386798696,42.0,0.00418571428571429,KS,KS_A2_model2.csv
Lasioglossum_sp2,24.0,27.8546,15.069643932649006,0.0,48.0,3.8546000000000014,0.255785738351047,48.0,0.08030416666666669,KS,KS_A2_model2.csv
Lasioglossum_sp3,4.0,0.2576,1.3331241360039248,0.0,27.0,3.7424,2.807240450403924,27.0,0.1386074074074074,KS,KS_A2_model2.csv
Lasioglossum_sp4,1.0,0.0139,0.2602182955830269,0.0,11.0,0.9861,3.7895106406358297,11.0,0.08964545454545454,KS,KS_A2_model2.csv
Lasioglossum_sp6,1.0,0.3634,1.613071802513455,0.0,27.0,0.6366,0.3946507520669961,27.0,0.02357777777777778,KS,KS_A2_model2.csv
Lobonyx_aeneus,4.0,0.8829,2.6831898070680817,0.0,32.0,3.1170999999999998,1.1617143117452624,32.0,0.09740937499999999,KS,KS_A2_model2.csv
Lomatia_sp,2.0,5.2976,8.31284214781308,0.0,44.0,3.2976,0.39668743149026636,44.0,0.07494545454545455,KS,KS_A2_model2.csv
Mordellidae_sp,1.0,0.049,0.5658895856103991,0.0,26.0,0.951,1.6805398512047185,26.0,0.036576923076923076,KS,KS_A2_model2.csv
Mylabris_sp,1.0,0.0439,0.4739148125190351,0.0,15.0,0.9561,2.017451184777217,15.0,0.06373999999999999,KS,KS_A2_model2.csv
Nustera_distigma,6.0,0.6586,2.220481725641841,0.0,24.0,5.3414,2.405514055044088,24.0,0.22255833333333333,KS,KS_A2_model2.csv
Phthiria_sp,2.0,0.2679,1.3333069266812037,0.0,28.0,1.7321,1.2991007286757676,28.0,0.06186071428571428,KS,KS_A2_model2.csv
Phthiria_sp1,6.0,0.3571,1.504462007028779,0.0,26.0,5.6429,3.7507760073944203,26.0,0.21703461538461538,KS,KS_A2_model2.csv
Plebejus_argus,2.0,0.1185,0.8066739256243655,0.0,19.0,1.8815,2.3324170277894125,19.0,0.09902631578947368,KS,KS_A2_model2.csv
Rhyncomyia_cupraea,21.0,14.021,13.981327074018239,0.0,48.0,6.978999999999999,0.49916577754405056,48.0,0.1453958333333333,KS,KS_A2_model2.csv
Scaeva_sp,1.0,0.4921,1.8825758946719584,0.0,30.0,0.5079,0.26978991999071694,30.0,0.01693,KS,KS_A2_model2.csv
Sphaerophoria_scripta,4.0,2.6897,5.459743106546215,0.0,40.0,1.3102999999999998,0.23999297667118333,40.0,0.032757499999999995,KS,KS_A2_model2.csv
Syrphidae_sp5,1.0,0.0,0.0,0.0,0.0,1.0,,0.0,,KS,KS_A2_model2.csv
Tiphia_morio,1.0,0.079,0.6262573111924371,0.0,22.0,0.921,1.4706415135439337,22.0,0.04186363636363637,KS,KS_A2_model2.csv
Vespidae,3.0,0.3821,1.5997360737167097,0.0,30.0,2.6179,1.6364574400812022,30.0,0.08726333333333333,KS,KS_A2_model2.csv
Vespula_sp,1.0,0.1046,0.8180010712555732,0.0,27.0,0.8954,1.094619593377335,27.0,0.033162962962962964,KS,KS_A2_model2.csv
Xylocopa_cantabrita,8.0,15.4871,14.369686231029473,0.0,48.0,7.4871,0.521034341294981,48.0,0.15598125,KS,KS_A2_model2.csv
Ancistrocerus_sp,1.0,2.5148,4.935080187965145,0.0,30.0,1.5148000000000001,0.30694536710751796,30.0,0.05049333333333334,WASS,WASS_A2_model2.csv
Andrena_sp,5.0,36.5592,5.273317375961245,0.0,48.0,31.559199999999997,5.984695733252209,48.0,0.6574833333333333,WASS,WASS_A2_model2.csv
Anthidiellum_strigatum,1.0,0.0,0.0,0.0,0.0,1.0,,0.0,,WASS,WASS_A2_model2.csv
Anthophora_sp,1.0,8.8265,8.139620574222679,0.0,37.0,7.826499999999999,0.9615313058677084,37.0,0.211527027027027,WASS,WASS_A2_model2.csv
Anthrenus_sp,6.0,4.9538,6.631837127551351,0.0,32.0,1.0461999999999998,0.15775417578541837,32.0,0.032693749999999994,WASS,WASS_A2_model2.csv
Apis_mellifera,8.0,19.3647,8.902124392068963,0.0,43.0,11.3647,1.2766278586406838,43.0,0.2642953488372093,WASS,WASS_A2_model2.csv
Attagenus_sp,8.0,46.3166,1.3182329892023537,37.0,48.0,38.3166,29.066637167975063,11.0,3.483327272727273,WASS,WASS_A2_model2.csv
Bombus_terrestris,14.0,46.5375,1.2053792116609574,38.0,48.0,32.5375,26.993579850414722,10.0,3.25375,WASS,WASS_A2_model2.csv
Bombylius_sp,5.0,39.1731,4.389312360301959,0.0,48.0,34.1731,7.785524746215393,48.0,0.7119395833333333,WASS,WASS_A2_model2.csv
Ceratina_sp,7.0,13.4142,8.965237080389485,0.0,40.0,6.414199999999999,0.7154523569745175,40.0,0.16035499999999997,WASS,WASS_A2_model2.csv
Chasmatopterus_sp,8.0,32.9008,6.451458865415567,0.0,47.0,24.900799999999997,3.8597161540447993,47.0,0.5298042553191489,WASS,WASS_A2_model2.csv
Dasypoda_sp,2.0,15.2036,9.074887459260315,0.0,40.0,13.2036,1.454960191988564,40.0,0.33009,WASS,WASS_A2_model2.csv
Diptera_sp1,2.0,10.1645,8.50183908791432,0.0,40.0,8.1645,0.9603216334223663,40.0,0.2041125,WASS,WASS_A2_model2.csv
Diptera_sp10,1.0,1.3942,3.810729395516367,0.0,27.0,0.3942000000000001,0.10344476321614661,27.0,0.014600000000000004,WASS,WASS_A2_model2.csv
Diptera_sp3,2.0,1.183,3.516667128798152,0.0,24.0,0.817,0.232322244351633,24.0,0.034041666666666665,WASS,WASS_A2_model2.csv
Diptera_sp7,2.0,3.4743,5.795610271562612,0.0,31.0,1.4743,0.2543821842600364,31.0,0.04755806451612903,WASS,WASS_A2_model2.csv
Diptera_sp8,1.0,0.8359,2.9443230281016,0.0,23.0,0.16410000000000002,0.05573437371979058,23.0,0.007134782608695653,WASS,WASS_A2_model2.csv
Episyrphus_sp,1.0,0.0,0.0,0.0,0.0,1.0,,0.0,,WASS,WASS_A2_model2.csv
Eucera_sp,1.0,7.3458,7.691237733537277,0.0,35.0,6.3458,0.825068762642642,35.0,0.18130857142857143,WASS,WASS_A2_model2.csv
Halictidae_sp1,4.0,6.8716,7.575516634872414,0.0,35.0,2.8716,0.37906325580240285,35.0,0.08204571428571428,WASS,WASS_A2_model2.csv
Halictus_sp,4.0,4.2725,6.292074599865848,0.0,32.0,0.27249999999999996,0.04330845028534942,32.0,0.008515624999999999,WASS,WASS_A2_model2.csv
Heliotaurus_ruficollis,3.0,21.9281,8.73222512109923,0.0,44.0,18.9281,2.1676147531131553,44.0,0.43018409090909093,WASS,WASS_A2_model2.csv
Lasioglossum_sp2,24.0,47.8926,0.3213651623259054,46.0,48.0,23.8926,74.347200010964,2.0,11.9463,WASS,WASS_A2_model2.csv
Lasioglossum_sp3,4.0,4.0904,6.184775904210149,0.0,33.0,0.09039999999999981,0.01461653605564949,33.0,0.002739393939393934,WASS,WASS_A2_model2.csv
Lasioglossum_sp4,1.0,0.2823,1.7608284305054172,0.0,22.0,0.7177,0.407592237588983,22.0,0.032622727272727275,WASS,WASS_A2_model2.csv
Lasioglossum_sp6,1.0,5.6853,7.084086556376467,0.0,36.0,4.6853,0.6613837878339739,36.0,0.13014722222222222,WASS,WASS_A2_model2.csv
Lobonyx_aeneus,4.0,10.5591,8.536099442331313,0.0,39.0,6.559100000000001,0.7683954532526662,39.0,0.1681820512820513,WASS,WASS_A2_model2.csv
Lomatia_sp,2.0,29.5438,7.286232941585657,0.0,46.0,27.5438,3.780252459785594,46.0,0.5987782608695652,WASS,WASS_A2_model2.csv
Mordellidae_sp,1.0,0.8465,2.9838277552176606,0.0,27.0,0.15349999999999997,0.05144398825689006,27.0,0.005685185185185184,WASS,WASS_A2_model2.csv
Mylabris_sp,1.0,0.8637,3.012943758686727,0.0,30.0,0.13629999999999998,0.04523814943675219,30.0,0.004543333333333332,WASS,WASS_A2_model2.csv
Nustera_distigma,6.0,8.5403,8.096908786888376,0.0,38.0,2.5403000000000002,0.3137370157996101,38.0,0.06685,WASS,WASS_A2_model2.csv
Phthiria_sp,2.0,4.2487,6.297873818318626,0.0,35.0,2.2487000000000004,0.35705701080564783,35.0,0.06424857142857143,WASS,WASS_A2_model2.csv
Phthiria_sp1,6.0,5.814,7.092956718005574,0.0,36.0,0.18599999999999994,0.026223196812668575,36.0,0.005166666666666665,WASS,WASS_A2_model2.csv
Plebejus_argus,2.0,2.1556,4.645163764028084,0.0,30.0,0.15560000000000018,0.03349720438382793,30.0,0.005186666666666673,WASS,WASS_A2_model2.csv
Rhyncomyia_cupraea,21.0,44.7068,2.052329156226299,25.0,48.0,23.7068,11.551168548221893,23.0,1.0307304347826087,WASS,WASS_A2_model2.csv
Scaeva_sp,1.0,7.199,7.652584870847266,0.0,35.0,6.199,0.8100530872405299,35.0,0.1771142857142857,WASS,WASS_A2_model2.csv
Sphaerophoria_scripta,4.0,19.9711,8.883735524298709,0.0,43.0,15.9711,1.7977910256688754,43.0,0.3714209302325581,WASS,WASS_A2_model2.csv
Syrphidae_sp5,1.0,0.0,0.0,0.0,0.0,1.0,,0.0,,WASS,WASS_A2_model2.csv
Tiphia_morio,1.0,1.6895,4.148904806224061,0.0,29.0,0.6895,0.1661884357928948,29.0,0.023775862068965516,WASS,WASS_A2_model2.csv
Vespidae,3.0,5.558,7.016662978648444,0.0,34.0,2.558,0.36456076168742024,34.0,0.07523529411764705,WASS,WASS_A2_model2.csv
Vespula_sp,1.0,1.9375,4.4362102910225785,0.0,29.0,0.9375,0.21132902601510792,29.0,0.032327586206896554,WASS,WASS_A2_model2.csv
Xylocopa_cantabrita,8.0,45.6903,1.5831729386442182,31.0,48.0,37.6903,23.806811675467902,17.0,2.2170764705882355,WASS,WASS_A2_model2.csv
Ancistrocerus_sp,1.0,0.2919,1.4583233731604488,0.0,27.0,0.7081,0.4855576019915391,27.0,0.026225925925925923,HELL,HELL_A2_model2.csv
Andrena_sp,5.0,8.4468,11.161031611041292,0.0,47.0,3.4467999999999996,0.3088244993939609,47.0,0.07333617021276595,HELL,HELL_A2_model2.csv
Anthidiellum_strigatum,1.0,0.0,0.0,0.0,0.0,1.0,,0.0,,HELL,HELL_A2_model2.csv
Anthophora_sp,1.0,1.2773,3.565063208074688,0.0,34.0,0.2773000000000001,0.07778263212049918,34.0,0.00815588235294118,HELL,HELL_A2_model2.csv
Anthrenus_sp,6.0,0.2251,1.162310236773579,0.0,26.0,5.7749,4.9684669525327125,26.0,0.22211153846153844,HELL,HELL_A2_model2.csv
Apis_mellifera,8.0,1.613,3.9171629295373425,0.0,37.0,6.3870000000000005,1.6305168089483506,37.0,0.17262162162162165,HELL,HELL_A2_model2.csv
Attagenus_sp,8.0,17.7182,15.002682987042068,0.0,48.0,9.7182,0.6477641371475811,48.0,0.2024625,HELL,HELL_A2_model2.csv
Bombus_terrestris,14.0,18.1622,15.052951547621115,0.0,48.0,4.162199999999999,0.2765039126600902,48.0,0.08671249999999997,HELL,HELL_A2_model2.csv
Bombylius_sp,5.0,9.8729,12.175827309348081,0.0,48.0,4.8729,0.4002109980862487,48.0,0.10151874999999999,HELL,HELL_A2_model2.csv
Ceratina_sp,7.0,0.8338,2.5380350120067727,0.0,33.0,6.1662,2.429517311947762,33.0,0.18685454545454544,HELL,HELL_A2_model2.csv
Chasmatopterus_sp,8.0,6.4269,9.558273507765138,0.0,46.0,1.5731000000000002,0.164579931587228,46.0,0.034197826086956526,HELL,HELL_A2_model2.csv
Dasypoda_sp,2.0,2.1271,4.7417290084313,0.0,36.0,0.1271,0.02680456849685054,36.0,0.0035305555555555554,HELL,HELL_A2_model2.csv
Diptera_sp1,2.0,1.204,3.2738747418895726,0.0,36.0,0.796,0.24313697461148898,36.0,0.022111111111111113,HELL,HELL_A2_model2.csv
Diptera_sp10,1.0,0.163,1.0741258653609735,0.0,24.0,0.837,0.7792382876086087,24.0,0.034874999999999996,HELL,HELL_A2_model2.csv
Diptera_sp3,2.0,0.0851,0.7391296376564314,0.0,20.0,1.9149,2.590749852856124,20.0,0.095745,HELL,HELL_A2_model2.csv
Diptera_sp7,2.0,0.3328,1.5924502346305767,0.0,25.0,1.6672,1.046940095045899,25.0,0.066688,HELL,HELL_A2_model2.csv
Diptera_sp8,1.0,0.0908,0.7871577489500882,0.0,18.0,0.9092,1.1550416688556924,18.0,0.05051111111111111,HELL,HELL_A2_model2.csv
Episyrphus_sp,1.0,0.0,0.0,0.0,0.0,1.0,,0.0,,HELL,HELL_A2_model2.csv
Eucera_sp,1.0,1.0541,3.0728679505869074,0.0,28.0,0.05410000000000004,0.01760570283850535,28.0,0.0019321428571428584,HELL,HELL_A2_model2.csv
Halictidae_sp1,4.0,0.5361,2.0002242073547554,0.0,29.0,3.4638999999999998,1.7317558637993475,29.0,0.11944482758620689,HELL,HELL_A2_model2.csv
Halictus_sp,4.0,0.2564,1.2627820484351937,0.0,29.0,3.7436,2.9645654249195026,29.0,0.12908965517241378,HELL,HELL_A2_model2.csv
Heliotaurus_ruficollis,3.0,3.5407,6.616957149792663,0.0,42.0,0.5407000000000002,0.0817142967318358,42.0,0.012873809523809529,HELL,HELL_A2_model2.csv
Lasioglossum_sp2,24.0,28.4506,15.148574440215729,0.0,48.0,4.450600000000001,0.29379662208905655,48.0,0.09272083333333336,HELL,HELL_A2_model2.csv
Lasioglossum_sp3,4.0,0.2638,1.3783321587897421,0.0,26.0,3.7362,2.7106673643025254,26.0,0.1437,HELL,HELL_A2_model2.csv
Lasioglossum_sp4,1.0,0.0334,0.47170614864454224,0.0,17.0,0.9666,2.0491570923498577,17.0,0.05685882352941177,HELL,HELL_A2_model2.csv
Lasioglossum_sp6,1.0,0.7267,2.5025653624509667,0.0,30.0,0.2733,0.10920793682380986,30.0,0.00911,HELL,HELL_A2_model2.csv
Lobonyx_aeneus,4.0,0.8794,2.7354714256215598,0.0,32.0,3.1206,1.1407905674945702,32.0,0.09751875,HELL,HELL_A2_model2.csv
Lomatia_sp,2.0,6.0398,9.237063835160464,0.0,45.0,4.0398,0.43734676647168813,45.0,0.08977333333333333,HELL,HELL_A2_model2.csv
Mordellidae_sp,1.0,0.0967,0.8343972266691617,0.0,26.0,0.9033,1.0825779031000522,26.0,0.03474230769230769,HELL,HELL_A2_model2.csv
Mylabris_sp,1.0,0.0987,0.8111868541903527,0.0,16.0,0.9013,1.1110880253349142,16.0,0.05633125,HELL,HELL_A2_model2.csv
Nustera_distigma,6.0,0.5014,1.9131032477113286,0.0,27.0,5.4986,2.874178383512782,27.0,0.20365185185185183,HELL,HELL_A2_model2.csv
Phthiria_sp,2.0,0.4112,1.7691883909737478,0.0,28.0,1.5888,0.8980389019654016,28.0,0.056742857142857143,HELL,HELL_A2_model2.csv
Phthiria_sp1,6.0,0.2694,1.2611037539662737,0.0,26.0,5.7306,4.544114615452375,26.0,0.2204076923076923,HELL,HELL_A2_model2.csv
Plebejus_argus,2.0,0.1816,1.112000492135433,0.0,20.0,1.8184,1.6352510748516227,20.0,0.09092,HELL,HELL_A2_model2.csv
Rhyncomyia_cupraea,21.0,14.0977,14.080453850215989,0.0,48.0,6.9023,0.4902043693637135,48.0,0.14379791666666666,HELL,HELL_A2_model2.csv
Scaeva_sp,1.0,0.9453,2.8976796863622543,0.0,32.0,0.05469999999999997,0.018877172745297575,32.0,0.001709374999999999,HELL,HELL_A2_model2.csv
Sphaerophoria_scripta,4.0,2.7019,5.588251895353734,0.0,39.0,1.2980999999999998,0.2322908888697886,39.0,0.03328461538461538,HELL,HELL_A2_model2.csv
Syrphidae_sp5,1.0,0.0,0.0,0.0,0.0,1.0,,0.0,,HELL,HELL_A2_model2.csv
Tiphia_morio,1.0,0.186,1.1753902135952228,0.0,24.0,0.8140000000000001,0.6925359685530977,24.0,0.03391666666666667,HELL,HELL_A2_model2.csv
Vespidae,3.0,0.48,1.9152981064794254,0.0,32.0,2.52,1.3157220755739678,32.0,0.07875,HELL,HELL_A2_model2.csv
Vespula_sp,1.0,0.2244,1.2543532118976788,0.0,20.0,0.7756000000000001,0.6183266345103982,20.0,0.03878,HELL,HELL_A2_model2.csv
Xylocopa_cantabrita,8.0,16.2152,14.73160517320155,0.0,48.0,8.2152,0.5576581712184613,48.0,0.17115,HELL,HELL_A2_model2.csv
Ancistrocerus_sp,1.0,0.3153,1.4900026579815495,0.0,27.0,0.6847,0.4595293815969008,27.0,0.02535925925925926,KL,KL_A2_model2.csv
Andrena_sp,5.0,9.0644,11.597521411503786,0.0,47.0,4.064399999999999,0.3504541923904921,47.0,0.08647659574468083,KL,KL_A2_model2.csv
Anthidiellum_strigatum,1.0,0.0,0.0,0.0,0.0,1.0,,0.0,,KL,KL_A2_model2.csv
Anthophora_sp,1.0,1.3182,3.509270616242898,0.0,33.0,0.31820000000000004,0.09067411288465178,33.0,0.009642424242424244,KL,KL_A2_model2.csv
Anthrenus_sp,6.0,0.2319,1.265892032625146,0.0,26.0,5.7681000000000004,4.556549730420842,26.0,0.22185000000000002,KL,KL_A2_model2.csv
Apis_mellifera,8.0,1.9025,4.608179389056841,0.0,37.0,6.0975,1.3231906757970158,37.0,0.1647972972972973,KL,KL_A2_model2.csv
Attagenus_sp,8.0,18.34,15.596554916151373,0.0,48.0,10.34,0.6629669215790838,48.0,0.21541666666666667,KL,KL_A2_model2.csv
Bombus_terrestris,14.0,18.9453,15.701196153989837,0.0,48.0,4.9453,0.3149632646773442,48.0,0.10302708333333332,KL,KL_A2_model2.csv
Bombylius_sp,5.0,10.5224,12.69833938049783,0.0,47.0,5.522399999999999,0.4348915109704288,47.0,0.11749787234042551,KL,KL_A2_model2.csv
Ceratina_sp,7.0,0.9202,2.9131564681734443,0.0,35.0,6.0798,2.0870145721393563,35.0,0.1737085714285714,KL,KL_A2_model2.csv
Chasmatopterus_sp,8.0,7.3191,10.295964057706689,0.0,45.0,0.6809000000000003,0.06613270949507016,45.0,0.015131111111111118,KL,KL_A2_model2.csv
Dasypoda_sp,2.0,2.3026,4.861378049447919,0.0,36.0,0.3026,0.062245724755836396,36.0,0.008405555555555555,KL,KL_A2_model2.csv
Diptera_sp1,2.0,1.3416,3.449999955067973,0.0,36.0,0.6584000000000001,0.19084058219560993,36.0,0.018288888888888893,KL,KL_A2_model2.csv
Diptera_sp10,1.0,0.1762,1.1050229262629632,0.0,24.0,0.8238,0.7455048944423074,24.0,0.034325,KL,KL_A2_model2.csv
Diptera_sp3,2.0,0.0955,0.7762989205205681,0.0,20.0,1.9045,2.453307546431839,20.0,0.095225,KL,KL_A2_model2.csv
Diptera_sp7,2.0,0.3769,1.7095434021587148,0.0,25.0,1.6231,0.9494348010997796,25.0,0.064924,KL,KL_A2_model2.csv
Diptera_sp8,1.0,0.0995,0.8184538696063849,0.0,18.0,0.9005,1.1002452715301758,18.0,0.050027777777777775,KL,KL_A2_model2.csv
Episyrphus_sp,1.0,0.0,0.0,0.0,0.0,1.0,,0.0,,KL,KL_A2_model2.csv
Eucera_sp,1.0,1.0872,3.0301673801021525,0.0,28.0,0.08719999999999994,0.028777288202825373,28.0,0.0031142857142857122,KL,KL_A2_model2.csv
Halictidae_sp1,4.0,0.6037,2.19101035201485,0.0,29.0,3.3963,1.5501067792202659,29.0,0.11711379310344829,KL,KL_A2_model2.csv
Halictus_sp,4.0,0.2901,1.408666186164203,0.0,29.0,3.7099,2.6336260758143526,29.0,0.12792758620689657,KL,KL_A2_model2.csv
Heliotaurus_ruficollis,3.0,3.8324,6.79312335325137,0.0,42.0,0.8323999999999998,0.12253568155826156,42.0,0.019819047619047615,KL,KL_A2_model2.csv
Lasioglossum_sp2,24.0,28.7795,15.41394299697099,0.0,48.0,4.779499999999999,0.3100764029644604,48.0,0.09957291666666664,KL,KL_A2_model2.csv
Lasioglossum_sp3,4.0,0.3018,1.5163596851240373,0.0,27.0,3.6982,2.4388672663092392,27.0,0.13697037037037038,KL,KL_A2_model2.csv
Lasioglossum_sp4,1.0,0.0317,0.43830847748149226,0.0,17.0,0.9683,2.2091747017165253,17.0,0.05695882352941177,KL,KL_A2_model2.csv
Lasioglossum_sp6,1.0,0.7556,2.483563055077292,0.0,30.0,0.24439999999999995,0.09840700420323892,30.0,0.008146666666666665,KL,KL_A2_model2.csv
Lobonyx_aeneus,4.0,1.0298,3.0570323035012947,0.0,32.0,2.9702,0.9715958829084523,32.0,0.09281875,KL,KL_A2_model2.csv
Lomatia_sp,2.0,6.2269,9.2419347393158,0.0,45.0,4.2269,0.45736094435059016,45.0,0.0939311111111111,KL,KL_A2_model2.csv
Mordellidae_sp,1.0,0.1072,0.869013048445094,0.0,17.0,0.8928,1.0273723755902946,17.0,0.05251764705882353,KL,KL_A2_model2.csv
Mylabris_sp,1.0,0.1025,0.8096044070591473,0.0,16.0,0.8975,1.1085660999056683,16.0,0.05609375,KL,KL_A2_model2.csv
Nustera_distigma,6.0,0.5048,2.0025428778924432,0.0,27.0,5.4952,2.7441110303632397,27.0,0.20352592592592592,KL,KL_A2_model2.csv
Phthiria_sp,2.0,0.4829,1.9406916855651861,0.0,28.0,1.5171000000000001,0.7817315915166485,28.0,0.05418214285714286,KL,KL_A2_model2.csv
Phthiria_sp1,6.0,0.2766,1.392367160138036,0.0,26.0,5.7234,4.110553713025374,26.0,0.2201307692307692,KL,KL_A2_model2.csv
Plebejus_argus,2.0,0.2085,1.2158024377162382,0.0,20.0,1.7915,1.4735124263816672,20.0,0.089575,KL,KL_A2_model2.csv
Rhyncomyia_cupraea,21.0,15.3363,14.937573946981583,0.0,48.0,5.6637,0.37915795564275395,48.0,0.11799375000000001,KL,KL_A2_model2.csv
Scaeva_sp,1.0,1.0082,2.9038553678858996,0.0,32.0,0.008199999999999985,0.0028238320994512373,32.0,0.00025624999999999953,KL,KL_A2_model2.csv
Sphaerophoria_scripta,4.0,3.122,6.02603910663807,0.0,40.0,0.8780000000000001,0.14570101263246477,40.0,0.021950000000000004,KL,KL_A2_model2.csv
Syrphidae_sp5,1.0,0.0,0.0,0.0,0.0,1.0,,0.0,,KL,KL_A2_model2.csv
Tiphia_morio,1.0,0.2072,1.2335397529192986,0.0,24.0,0.7928,0.6427032433480617,24.0,0.03303333333333333,KL,KL_A2_model2.csv
Vespidae,3.0,0.5592,2.1036011679468576,0.0,32.0,2.4408,1.1602959901292758,32.0,0.076275,KL,KL_A2_model2.csv
Vespula_sp,1.0,0.2389,1.2956830899054574,0.0,20.0,0.7611,0.5874121580575197,20.0,0.038055,KL,KL_A2_model2.csv
Xylocopa_cantabrita,8.0,16.8683,15.349173098948446,0.0,48.0,8.868300000000001,0.5777705380498679,48.0,0.18475625000000004,KL,KL_A2_model2.csv
