especie,real_value,model_mean,model_std,model_min,model_max,abs_error,z_score,model_range,z_range,metric,plot
Andrena_sp,4.0,21.9216,6.687131314137722,0.0,41.0,17.9216,2.6800131712847812,41.0,0.43711219512195126,MAE,MAE_A1_deg
Apis_mellifera,18.0,43.8181,0.421461923565227,41.0,44.0,25.8181,61.25844010201386,3.0,8.606033333333334,MAE,MAE_A1_deg
Attagenus_sp,1.0,3.3945,4.635150290100764,0.0,25.0,2.3945,0.5165959785843202,25.0,0.09577999999999999,MAE,MAE_A1_deg
Bombylius_sp,2.0,12.1822,6.968820531909289,0.0,36.0,10.1822,1.4611080818306454,36.0,0.28283888888888886,MAE,MAE_A1_deg
Ceratina_sp,1.0,13.5188,6.926661852901608,0.0,37.0,12.5188,1.8073352310039246,37.0,0.33834594594594597,MAE,MAE_A1_deg
Colletes_sp,1.0,1.0464,2.6865161039676777,0.0,20.0,0.0464,0.01727143936768981,20.0,0.00232,MAE,MAE_A1_deg
Diptera_sp7,1.0,1.0491,2.7074013725746697,0.0,24.0,0.04909999999999992,0.018135471340663123,24.0,0.00204583333333333,MAE,MAE_A1_deg
Eristalis_sp,2.0,6.777,6.131723314295943,0.0,33.0,4.777,0.7790632021608929,33.0,0.14475757575757575,MAE,MAE_A1_deg
Eucera_sp,4.0,9.9497,7.09161469694322,0.0,36.0,5.9497,0.8389767710539275,36.0,0.16526944444444444,MAE,MAE_A1_deg
Lasioglossum_sp1,14.0,36.4546,3.627127575016423,15.0,44.0,22.4546,6.190738962331185,29.0,0.7742965517241379,MAE,MAE_A1_deg
Lasioglossum_sp2,21.0,43.9492,0.2258859500859781,42.0,44.0,22.949199999999998,101.59640292486068,2.0,11.474599999999999,MAE,MAE_A1_deg
Lasioglossum_sp6,3.0,12.9501,7.199277251870136,0.0,37.0,9.9501,1.3820970705657005,37.0,0.26892162162162164,MAE,MAE_A1_deg
Lobonyx_aeneus,3.0,3.3266,4.7195508108278235,0.0,30.0,0.3266,0.06920150096714678,30.0,0.010886666666666666,MAE,MAE_A1_deg
Malachius_sp,4.0,6.7,6.349506407836935,0.0,32.0,2.7,0.42522990396033006,32.0,0.084375,MAE,MAE_A1_deg
Megachilidae_sp,1.0,9.0106,6.480284488253949,0.0,35.0,8.0106,1.2361494336429015,35.0,0.22887428571428572,MAE,MAE_A1_deg
Rhyncomyia_cupraea,1.0,4.1238,4.9902468692822834,0.0,28.0,3.1238,0.6259810550112679,28.0,0.11156428571428571,MAE,MAE_A1_deg
Syrphidae_sp3,2.0,5.2581,5.58703909871669,0.0,29.0,3.2580999999999998,0.5831532485155448,29.0,0.11234827586206896,MAE,MAE_A1_deg
Xylocopa_cantabrita,4.0,32.1158,4.863060280885849,10.0,44.0,28.1158,5.781503492874339,34.0,0.8269352941176471,MAE,MAE_A1_deg
Andrena_sp,4.0,19.8726,7.206619372235328,0.0,40.0,15.872599999999998,2.202502890766199,40.0,0.396815,RMAE,RMAE_A1_deg
Apis_mellifera,18.0,43.8085,0.4297047993930968,41.0,44.0,25.808500000000002,60.06100010158419,3.0,8.602833333333335,RMAE,RMAE_A1_deg
Attagenus_sp,1.0,3.9314,4.895170100112035,0.0,28.0,2.9314,0.5988351661023811,28.0,0.10469285714285714,RMAE,RMAE_A1_deg
Bombylius_sp,2.0,11.538,6.925023580837799,0.0,34.0,9.538,1.3773238298267398,34.0,0.2805294117647059,RMAE,RMAE_A1_deg
Ceratina_sp,1.0,15.5235,6.406258796300429,0.0,37.0,14.5235,2.2670798139449535,37.0,0.392527027027027,RMAE,RMAE_A1_deg
Colletes_sp,1.0,1.2103,2.868675101799428,0.0,20.0,0.21029999999999993,0.073309103518933,20.0,0.010514999999999997,RMAE,RMAE_A1_deg
Diptera_sp7,1.0,1.2161,2.8889851874908192,0.0,24.0,0.21609999999999996,0.07480135271572301,24.0,0.009004166666666666,RMAE,RMAE_A1_deg
Eristalis_sp,2.0,6.4227,6.014369624008601,0.0,33.0,4.4227,0.7353555362386014,33.0,0.13402121212121212,RMAE,RMAE_A1_deg
Eucera_sp,4.0,8.857,6.691504212272625,0.0,36.0,4.856999999999999,0.7258457659029738,36.0,0.13491666666666666,RMAE,RMAE_A1_deg
Lasioglossum_sp1,14.0,35.4168,4.22647182250238,10.0,44.0,21.416800000000002,5.0672998423824085,34.0,0.6299058823529412,RMAE,RMAE_A1_deg
Lasioglossum_sp2,21.0,43.9453,0.23390891675636044,42.0,44.0,22.945300000000003,98.09502056691507,2.0,11.472650000000002,RMAE,RMAE_A1_deg
Lasioglossum_sp6,3.0,11.5414,7.086134868229432,0.0,36.0,8.5414,1.2053679698216335,36.0,0.2372611111111111,RMAE,RMAE_A1_deg
Lobonyx_aeneus,3.0,3.0673,4.46792647060073,0.0,26.0,0.06729999999999992,0.015062915749137467,26.0,0.002588461538461535,RMAE,RMAE_A1_deg
Malachius_sp,4.0,5.9579,5.902034478982568,0.0,32.0,1.9579000000000004,0.3317330671266286,32.0,0.06118437500000001,RMAE,RMAE_A1_deg
Megachilidae_sp,1.0,10.593,6.328471849948888,0.0,35.0,9.593,1.515847779283,35.0,0.27408571428571427,RMAE,RMAE_A1_deg
Rhyncomyia_cupraea,1.0,4.8195,5.230473739113272,0.0,28.0,3.8194999999999997,0.7302397814251379,28.0,0.13641071428571427,RMAE,RMAE_A1_deg
Syrphidae_sp3,2.0,4.9885,5.421541022689588,0.0,29.0,2.9885,0.5512270381230882,29.0,0.10305172413793104,RMAE,RMAE_A1_deg
Xylocopa_cantabrita,4.0,30.8781,5.396253547159773,0.0,44.0,26.8781,4.980881599632551,44.0,0.6108659090909091,RMAE,RMAE_A1_deg
Andrena_sp,4.0,4.3671,7.724409637015915,0.0,40.0,0.36709999999999976,0.04752466754751466,40.0,0.009177499999999995,JS,JS_A1_deg
Apis_mellifera,18.0,22.4795,14.490423630373922,0.0,44.0,4.479500000000002,0.30913519951275636,44.0,0.10180681818181822,JS,JS_A1_deg
Attagenus_sp,1.0,0.5029,1.9090720378248072,0.0,25.0,0.4971,0.26038828821064014,25.0,0.019884,JS,JS_A1_deg
Bombylius_sp,2.0,2.151,4.867932690256488,0.0,36.0,0.1509999999999998,0.031019327835456103,36.0,0.004194444444444439,JS,JS_A1_deg
Ceratina_sp,1.0,3.1469,6.097609242469334,0.0,34.0,2.1469,0.3520888129477079,34.0,0.06314411764705882,JS,JS_A1_deg
Colletes_sp,1.0,0.1256,0.869770251289962,0.0,17.0,0.8744000000000001,1.005322955922178,17.0,0.051435294117647065,JS,JS_A1_deg
Diptera_sp7,1.0,0.1435,0.9332710482410491,0.0,16.0,0.8565,0.9177398159026354,16.0,0.05353125,JS,JS_A1_deg
Eristalis_sp,2.0,0.8029,2.5992551245924833,0.0,33.0,1.1971,0.4605550215805322,33.0,0.03627575757575758,JS,JS_A1_deg
Eucera_sp,4.0,0.7127,2.3225197781315,0.0,28.0,3.2873,1.4154023707150858,28.0,0.11740357142857143,JS,JS_A1_deg
Lasioglossum_sp1,14.0,9.5339,12.24963902144122,0.0,44.0,4.466100000000001,0.36459033545255815,44.0,0.10150227272727275,JS,JS_A1_deg
Lasioglossum_sp2,21.0,25.6413,14.227722133838295,0.0,44.0,4.641300000000001,0.3262152547217262,44.0,0.10548409090909093,JS,JS_A1_deg
Lasioglossum_sp6,3.0,1.6795,4.142909137262364,0.0,32.0,1.3205,0.31873737903713406,32.0,0.041265625,JS,JS_A1_deg
Lobonyx_aeneus,3.0,0.1912,0.9834323941824331,0.0,20.0,2.8088,2.856119054665744,20.0,0.14044,JS,JS_A1_deg
Malachius_sp,4.0,0.3795,1.4691138756263769,0.0,24.0,3.6205,2.4644107308947376,24.0,0.15085416666666665,JS,JS_A1_deg
Megachilidae_sp,1.0,1.8966,4.462947482328571,0.0,32.0,0.8966000000000001,0.2008986221662177,32.0,0.028018750000000002,JS,JS_A1_deg
Rhyncomyia_cupraea,1.0,0.6317,2.3041236964626814,0.0,28.0,0.36829999999999996,0.15984384890681805,28.0,0.013153571428571428,JS,JS_A1_deg
Syrphidae_sp3,2.0,0.5662,2.0396650664651563,0.0,23.0,1.4338,0.7029585511727416,23.0,0.062339130434782605,JS,JS_A1_deg
Xylocopa_cantabrita,4.0,8.7275,11.81032565720406,0.0,43.0,4.727499999999999,0.40028532127023264,43.0,0.10994186046511625,JS,JS_A1_deg
Andrena_sp,4.0,8.5053,9.929160625806864,0.0,40.0,4.5053,0.4537442961986417,40.0,0.1126325,KS,KS_A1_deg
Apis_mellifera,18.0,26.5402,16.740884375712312,0.0,44.0,8.540199999999999,0.5101403132793945,44.0,0.19409545454545452,KS,KS_A1_deg
Attagenus_sp,1.0,1.8619,3.604625878336368,0.0,28.0,0.8619000000000001,0.23910941914387804,28.0,0.030782142857142862,KS,KS_A1_deg
Bombylius_sp,2.0,4.7021,6.405424149566797,0.0,34.0,2.7020999999999997,0.42184560099470453,34.0,0.07947352941176469,KS,KS_A1_deg
Ceratina_sp,1.0,5.1308,6.8576959803869855,0.0,31.0,4.1308,0.6023597447034821,31.0,0.1332516129032258,KS,KS_A1_deg
Colletes_sp,1.0,0.6652,2.125502466729591,0.0,18.0,0.3348,0.15751569581339547,18.0,0.0186,KS,KS_A1_deg
Diptera_sp7,1.0,0.6618,2.1076681395558055,0.0,20.0,0.33819999999999995,0.16046169397013144,20.0,0.016909999999999998,KS,KS_A1_deg
Eristalis_sp,2.0,3.2226,4.961643984719479,0.0,27.0,1.2226,0.24641026316383785,27.0,0.04528148148148148,KS,KS_A1_deg
Eucera_sp,4.0,4.3048,6.035258022151113,0.0,36.0,0.3048000000000002,0.05050322602302959,36.0,0.008466666666666671,KS,KS_A1_deg
Lasioglossum_sp1,14.0,16.917,16.137148191523035,0.0,44.0,2.9170000000000016,0.18076304222900572,44.0,0.06629545454545459,KS,KS_A1_deg
Lasioglossum_sp2,21.0,28.5349,15.837066118960504,0.0,44.0,7.5349,0.47577625447803384,44.0,0.17124772727272727,KS,KS_A1_deg
Lasioglossum_sp6,3.0,5.0239,6.755167800965568,0.0,36.0,2.0239000000000003,0.2996076573716953,36.0,0.056219444444444454,KS,KS_A1_deg
Lobonyx_aeneus,3.0,2.0264,3.764507961476405,0.0,30.0,0.9735999999999998,0.2586260966806836,30.0,0.03245333333333333,KS,KS_A1_deg
Malachius_sp,4.0,3.3333,5.0321112193921635,0.0,30.0,0.6667000000000001,0.13248912254378428,30.0,0.022223333333333335,KS,KS_A1_deg
Megachilidae_sp,1.0,3.7486,5.470593274872276,0.0,30.0,2.7486,0.5024317952177084,30.0,0.09162000000000001,KS,KS_A1_deg
Rhyncomyia_cupraea,1.0,2.1694,3.890323521470955,0.0,27.0,1.1694,0.3005919671065924,27.0,0.04331111111111111,KS,KS_A1_deg
Syrphidae_sp3,2.0,2.7396,4.4785709327596885,0.0,25.0,0.7395999999999998,0.1651419640559895,25.0,0.029583999999999992,KS,KS_A1_deg
Xylocopa_cantabrita,4.0,14.0058,14.217354876275953,0.0,43.0,10.0058,0.703773668665777,43.0,0.23269302325581398,KS,KS_A1_deg
Andrena_sp,4.0,21.8106,6.650199256790379,0.0,41.0,17.8106,2.678205466071407,41.0,0.43440487804878053,WASS,WASS_A1_deg
Apis_mellifera,18.0,43.8192,0.41920034934776507,41.0,44.0,25.819200000000002,61.59155172502161,3.0,8.6064,WASS,WASS_A1_deg
Attagenus_sp,1.0,3.3022,4.605192280415016,0.0,25.0,2.3022,0.49991397965961315,25.0,0.092088,WASS,WASS_A1_deg
Bombylius_sp,2.0,12.2151,6.913509358579416,0.0,35.0,10.2151,1.4775564001115336,35.0,0.29186,WASS,WASS_A1_deg
Ceratina_sp,1.0,13.3028,6.980815521021442,0.0,37.0,12.3028,1.7623728865133852,37.0,0.3325081081081081,WASS,WASS_A1_deg
Colletes_sp,1.0,1.0051,2.6373034575021364,0.0,20.0,0.0051000000000001044,0.0019337933924488374,20.0,0.0002550000000000052,WASS,WASS_A1_deg
Diptera_sp7,1.0,0.9955,2.6298614729937175,0.0,24.0,0.0044999999999999485,0.0017111167436805515,24.0,0.00018749999999999786,WASS,WASS_A1_deg
Eristalis_sp,2.0,6.8965,6.100418777504219,0.0,33.0,4.8965,0.8026498144776936,33.0,0.14837878787878786,WASS,WASS_A1_deg
Eucera_sp,4.0,10.5576,6.777409207621795,0.0,36.0,6.557600000000001,0.9675673696411013,36.0,0.18215555555555557,WASS,WASS_A1_deg
Lasioglossum_sp1,14.0,36.4169,3.651058396238183,15.0,44.0,22.4169,6.139836060441251,29.0,0.7729965517241378,WASS,WASS_A1_deg
Lasioglossum_sp2,21.0,43.949,0.22539760515151994,42.0,44.0,22.948999999999998,101.81563368684817,2.0,11.474499999999999,WASS,WASS_A1_deg
Lasioglossum_sp6,3.0,13.0253,7.020241326965124,0.0,37.0,10.0253,1.4280563207267938,37.0,0.27095405405405404,WASS,WASS_A1_deg
Lobonyx_aeneus,3.0,3.6474,4.766376514136014,0.0,30.0,0.6474000000000002,0.13582644973177332,30.0,0.021580000000000005,WASS,WASS_A1_deg
Malachius_sp,4.0,7.3271,6.194670530730306,0.0,32.0,3.3270999999999997,0.5370907110386319,32.0,0.10397187499999999,WASS,WASS_A1_deg
Megachilidae_sp,1.0,8.7759,6.479712791303761,0.0,35.0,7.7759,1.2000377563702846,35.0,0.22216857142857144,WASS,WASS_A1_deg
Rhyncomyia_cupraea,1.0,3.9892,4.936995113636963,0.0,28.0,2.9892,0.6054695075033059,28.0,0.10675714285714286,WASS,WASS_A1_deg
Syrphidae_sp3,2.0,5.3939,5.5383219562435215,0.0,29.0,3.3939000000000004,0.6128029440711644,29.0,0.11703103448275863,WASS,WASS_A1_deg
Xylocopa_cantabrita,4.0,32.0506,4.90402330586413,4.0,44.0,28.050600000000003,5.7199157203143125,40.0,0.701265,WASS,WASS_A1_deg
Andrena_sp,4.0,4.1122,7.275514034791429,0.0,40.0,0.11219999999999963,0.015421590758187045,40.0,0.0028049999999999907,HELL,HELL_A1_deg
Apis_mellifera,18.0,22.5064,14.290338709003441,0.0,44.0,4.506399999999999,0.3153459194890042,44.0,0.1024181818181818,HELL,HELL_A1_deg
Attagenus_sp,1.0,0.4526,1.744321502977754,0.0,25.0,0.5474,0.3138182950021119,25.0,0.021896,HELL,HELL_A1_deg
Bombylius_sp,2.0,1.9313,4.442178925410434,0.0,36.0,0.06869999999999998,0.015465383352079289,36.0,0.0019083333333333328,HELL,HELL_A1_deg
Ceratina_sp,1.0,2.833,5.631845414096231,0.0,33.0,1.8330000000000002,0.3254705811725747,33.0,0.05554545454545455,HELL,HELL_A1_deg
Colletes_sp,1.0,0.1143,0.8051710004924426,0.0,17.0,0.8857,1.100014778796437,17.0,0.0521,HELL,HELL_A1_deg
Diptera_sp7,1.0,0.1233,0.8434264916545399,0.0,16.0,0.8767,1.0394503951140874,16.0,0.05479375,HELL,HELL_A1_deg
Eristalis_sp,2.0,0.7385,2.440760840669995,0.0,33.0,1.2614999999999998,0.5168470335068613,33.0,0.03822727272727272,HELL,HELL_A1_deg
Eucera_sp,4.0,0.6252,2.0922625830119017,0.0,30.0,3.3748,1.612990657770035,30.0,0.11249333333333333,HELL,HELL_A1_deg
Lasioglossum_sp1,14.0,9.5228,11.99705268335974,0.0,44.0,4.4772,0.37319165949900396,44.0,0.10175454545454544,HELL,HELL_A1_deg
Lasioglossum_sp2,21.0,25.7173,14.037374594223449,0.0,44.0,4.717300000000002,0.33605286859988964,44.0,0.10721136363636367,HELL,HELL_A1_deg
Lasioglossum_sp6,3.0,1.5334,3.822976059903532,0.0,30.0,1.4666,0.3836278273835195,30.0,0.04888666666666666,HELL,HELL_A1_deg
Lobonyx_aeneus,3.0,0.1726,0.9003834233430248,0.0,20.0,2.8274,3.1402177413508725,20.0,0.14137,HELL,HELL_A1_deg
Malachius_sp,4.0,0.3166,1.31435809189101,0.0,24.0,3.6834,2.8024326267893795,24.0,0.153475,HELL,HELL_A1_deg
Megachilidae_sp,1.0,1.6667,4.039980600736271,0.0,32.0,0.6667000000000001,0.16502554489457116,32.0,0.020834375000000002,HELL,HELL_A1_deg
Rhyncomyia_cupraea,1.0,0.5599,2.097820791966633,0.0,28.0,0.44010000000000005,0.20978913055171972,28.0,0.015717857142857145,HELL,HELL_A1_deg
Syrphidae_sp3,2.0,0.5192,1.8936182136306958,0.0,23.0,1.4808,0.7819950132190658,23.0,0.06438260869565217,HELL,HELL_A1_deg
Xylocopa_cantabrita,4.0,8.3805,11.34364965911584,0.0,43.0,4.3805,0.3861631954121395,43.0,0.10187209302325581,HELL,HELL_A1_deg
Andrena_sp,4.0,3.5819,6.217584597399738,0.0,37.0,0.4180999999999999,0.06724476256822527,37.0,0.011299999999999998,KL,KL_A1_deg
Apis_mellifera,18.0,22.4483,14.152326873895836,0.0,44.0,4.4483,0.3143158040113496,44.0,0.10109772727272727,KL,KL_A1_deg
Attagenus_sp,1.0,0.3568,1.3342682590763781,0.0,20.0,0.6432,0.4820619808832468,20.0,0.03216,KL,KL_A1_deg
Bombylius_sp,2.0,1.5196,3.4262501016382125,0.0,29.0,0.48039999999999994,0.14021159744593764,29.0,0.016565517241379307,KL,KL_A1_deg
Ceratina_sp,1.0,1.9617,3.949859902493364,0.0,31.0,0.9617,0.24347699000486656,31.0,0.03102258064516129,KL,KL_A1_deg
Colletes_sp,1.0,0.0936,0.6532087783938744,0.0,14.0,0.9064,1.387611480403981,14.0,0.06474285714285714,KL,KL_A1_deg
Diptera_sp7,1.0,0.0939,0.6402529050135095,0.0,14.0,0.9061,1.4152220050932547,14.0,0.06472142857142857,KL,KL_A1_deg
Eristalis_sp,2.0,0.5561,1.809801184669967,0.0,27.0,1.4439,0.7978224416199107,27.0,0.05347777777777778,KL,KL_A1_deg
Eucera_sp,4.0,0.4584,1.5823147006778369,0.0,26.0,3.5416,2.238239964833063,26.0,0.1362153846153846,KL,KL_A1_deg
Lasioglossum_sp1,14.0,9.3798,11.163378254874557,0.0,44.0,4.6202000000000005,0.4138711324219944,44.0,0.10500454545454546,KL,KL_A1_deg
Lasioglossum_sp2,21.0,25.7029,14.016022134601839,0.0,44.0,4.7029,0.3355374267275012,44.0,0.1068840909090909,KL,KL_A1_deg
Lasioglossum_sp6,3.0,1.2771,3.149905995546238,0.0,30.0,1.7229,0.5469687039664258,30.0,0.05743,KL,KL_A1_deg
Lobonyx_aeneus,3.0,0.1346,0.6972312766545361,0.0,17.0,2.8654,4.109683681645492,17.0,0.1685529411764706,KL,KL_A1_deg
Malachius_sp,4.0,0.2301,1.0262842276541104,0.0,21.0,3.7699,3.673348862251611,21.0,0.1795190476190476,KL,KL_A1_deg
Megachilidae_sp,1.0,1.1844,2.9051748043903296,0.0,30.0,0.1843999999999999,0.06347294480226551,30.0,0.006146666666666663,KL,KL_A1_deg
Rhyncomyia_cupraea,1.0,0.4306,1.5379922568134698,0.0,24.0,0.5694,0.3702229302374555,24.0,0.023725,KL,KL_A1_deg
Syrphidae_sp3,2.0,0.4313,1.5834554124143547,0.0,20.0,1.5687,0.990681510638903,20.0,0.078435,KL,KL_A1_deg
Xylocopa_cantabrita,4.0,7.3848,9.821862137985137,0.0,42.0,3.3848000000000003,0.344618968628118,42.0,0.0805904761904762,KL,KL_A1_deg
Acmaeodera_sp,2.0,0.231,1.4410574813887425,0.0,20.0,1.769,1.2275707408251475,20.0,0.08845,MAE,MAE_A3_deg
Anthrenus_sp,5.0,19.988,4.398703315647233,0.0,27.0,14.988,3.407367791022441,27.0,0.5551111111111111,MAE,MAE_A3_deg
Attagenus_sp,11.0,26.9292,0.26418618327600596,25.0,27.0,15.929200000000002,60.295356110119215,2.0,7.964600000000001,MAE,MAE_A3_deg
Bombylius_sp,1.0,0.0,0.0,0.0,0.0,1.0,,0.0,,MAE,MAE_A3_deg
Buprestidae_sp1,1.0,0.0,0.0,0.0,0.0,1.0,,0.0,,MAE,MAE_A3_deg
Ceratina_sp,4.0,17.2756,5.371380624474619,0.0,27.0,13.2756,2.471543338319746,27.0,0.4916888888888889,MAE,MAE_A3_deg
Chasmatopterus_sp,12.0,26.9878,0.11069049299069905,25.0,27.0,14.9878,135.40277574930823,2.0,7.4939,MAE,MAE_A3_deg
Coptocephala_sp,2.0,6.8941,6.179652417442275,0.0,26.0,4.8941,0.7919701092226868,26.0,0.1882346153846154,MAE,MAE_A3_deg
Curculionidae,1.0,0.0,0.0,0.0,0.0,1.0,,0.0,,MAE,MAE_A3_deg
Halictidae_sp1,1.0,0.1221,1.0360979393348824,0.0,15.0,0.8779,0.8473137207121204,15.0,0.058526666666666664,MAE,MAE_A3_deg
Halictidae_sp3,1.0,0.2702,1.5087145462141578,0.0,15.0,0.7298,0.48372304875783106,15.0,0.04865333333333333,MAE,MAE_A3_deg
Heliotaurus_ruficollis,2.0,0.9119,2.7654119295891615,0.0,24.0,1.0880999999999998,0.3934676018272806,24.0,0.045337499999999996,MAE,MAE_A3_deg
Lasioglossum_sp3,3.0,1.8405,3.857194258104521,0.0,23.0,1.1595,0.30060710516814737,23.0,0.050413043478260866,MAE,MAE_A3_deg
Lasioglossum_sp4,3.0,1.8497,3.8594040226362827,0.0,22.0,1.1503,0.29805119993999823,22.0,0.05228636363636364,MAE,MAE_A3_deg
Lasioglossum_sp5,5.0,13.3926,6.503129578090146,0.0,27.0,8.3926,1.2905478661036858,27.0,0.310837037037037,MAE,MAE_A3_deg
Malachius_sp,1.0,0.1213,1.0193577483013019,0.0,15.0,0.8787,0.8620133623002332,15.0,0.05858,MAE,MAE_A3_deg
Megachile_apicalis,2.0,11.4907,6.400157006743751,0.0,26.0,9.4907,1.4828854964026335,26.0,0.3650269230769231,MAE,MAE_A3_deg
Microlepidoptera,3.0,2.0681,4.072876283674992,0.0,21.0,0.9319000000000002,0.22880636068796537,21.0,0.044376190476190486,MAE,MAE_A3_deg
Oedemera_sp,6.0,8.5198,6.7740531987631964,0.0,27.0,2.5198,0.371978182937811,27.0,0.09332592592592592,MAE,MAE_A3_deg
Paragus_tibialis,2.0,0.5091,2.095269960081658,0.0,18.0,1.4909,0.7115550876040316,18.0,0.08282777777777778,MAE,MAE_A3_deg
Phthiria_sp1,4.0,7.4951,6.515214562244223,0.0,26.0,3.4951,0.5364520180584939,26.0,0.13442692307692308,MAE,MAE_A3_deg
Phthiria_sp2,5.0,21.2841,3.8308556140206544,0.0,27.0,16.2841,4.25077362362637,27.0,0.6031148148148148,MAE,MAE_A3_deg
Plebejus_argus,9.0,26.4077,0.8444832888829263,18.0,27.0,17.4077,20.613433361158304,9.0,1.9341888888888887,MAE,MAE_A3_deg
Rhyzobius_lophanthae,1.0,3.4093,4.870353739160478,0.0,23.0,2.4093,0.4946868603460619,23.0,0.10475217391304348,MAE,MAE_A3_deg
Tiphia_morio,1.0,0.8216,2.619744213845045,0.0,18.0,0.1784,0.06809825137018212,18.0,0.009911111111111112,MAE,MAE_A3_deg
Tychius_sp,2.0,15.8923,5.6230118740985775,0.0,27.0,13.8923,2.4706154479225724,27.0,0.5145296296296297,MAE,MAE_A3_deg
Usia_sp,2.0,0.1113,0.980922285837715,0.0,15.0,1.8887,1.9254328576978308,15.0,0.12591333333333335,MAE,MAE_A3_deg
Xylocopa_cantabrita,2.0,12.2809,6.256972923148712,0.0,27.0,10.2809,1.6431108343084082,27.0,0.3807740740740741,MAE,MAE_A3_deg
Acmaeodera_sp,2.0,0.2336,1.4337491425142521,0.0,20.0,1.7664,1.232014686266807,20.0,0.08832,RMAE,RMAE_A3_deg
Anthrenus_sp,5.0,19.2095,4.84288706305552,0.0,27.0,14.209499999999998,2.9340969167748474,27.0,0.5262777777777777,RMAE,RMAE_A3_deg
Attagenus_sp,11.0,26.9238,0.2760456123868153,25.0,27.0,15.9238,57.6853943169595,2.0,7.9619,RMAE,RMAE_A3_deg
Bombylius_sp,1.0,0.0,0.0,0.0,0.0,1.0,,0.0,,RMAE,RMAE_A3_deg
Buprestidae_sp1,1.0,0.0,0.0,0.0,0.0,1.0,,0.0,,RMAE,RMAE_A3_deg
Ceratina_sp,4.0,16.415,5.7302930663154115,0.0,27.0,12.415,2.166555856100893,27.0,0.4598148148148148,RMAE,RMAE_A3_deg
Chasmatopterus_sp,12.0,26.9861,0.11877794753270526,25.0,27.0,14.9861,126.16904325505043,2.0,7.49305,RMAE,RMAE_A3_deg
Coptocephala_sp,2.0,7.1416,6.206561171869471,0.0,26.0,5.1416,0.8284136509124754,26.0,0.19775384615384617,RMAE,RMAE_A3_deg
Curculionidae,1.0,0.0,0.0,0.0,0.0,1.0,,0.0,,RMAE,RMAE_A3_deg
Halictidae_sp1,1.0,0.1767,1.2243475865542712,0.0,15.0,0.8233,0.6724397622386344,15.0,0.05488666666666667,RMAE,RMAE_A3_deg
Halictidae_sp3,1.0,0.3742,1.7694879114441204,0.0,15.0,0.6258,0.3536616418527946,15.0,0.04172,RMAE,RMAE_A3_deg
Heliotaurus_ruficollis,2.0,0.9269,2.7702208941490927,0.0,24.0,1.0731000000000002,0.3873698311446806,24.0,0.04471250000000001,RMAE,RMAE_A3_deg
Lasioglossum_sp3,3.0,1.7653,3.7529754052537085,0.0,23.0,1.2347,0.3289922972241092,23.0,0.05368260869565217,RMAE,RMAE_A3_deg
Lasioglossum_sp4,3.0,1.8095,3.7814599950243295,0.0,22.0,1.1905,0.3148254910977421,22.0,0.05411363636363636,RMAE,RMAE_A3_deg
Lasioglossum_sp5,5.0,12.3893,6.557136960176408,0.0,27.0,7.3893,1.1269095101837259,27.0,0.2736777777777778,RMAE,RMAE_A3_deg
Malachius_sp,1.0,0.1697,1.2054240808617804,0.0,15.0,0.8303,0.6888032296537522,15.0,0.05535333333333334,RMAE,RMAE_A3_deg
Megachile_apicalis,2.0,11.7858,6.307780684972895,0.0,26.0,9.7858,1.55138558055971,26.0,0.37637692307692305,RMAE,RMAE_A3_deg
Microlepidoptera,3.0,1.9582,3.9295288368566714,0.0,21.0,1.0418,0.2651208435547102,21.0,0.04960952380952381,RMAE,RMAE_A3_deg
Oedemera_sp,6.0,8.0336,6.4515295289819745,0.0,25.0,2.0336,0.3152120734880824,25.0,0.081344,RMAE,RMAE_A3_deg
Paragus_tibialis,2.0,0.5015,2.070706771286859,0.0,18.0,1.4985,0.7236659582992254,18.0,0.08324999999999999,RMAE,RMAE_A3_deg
Phthiria_sp1,4.0,7.0887,6.311150083109846,0.0,26.0,3.0887000000000002,0.4894036680043632,26.0,0.11879615384615386,RMAE,RMAE_A3_deg
Phthiria_sp2,5.0,20.6022,4.299418991022636,0.0,27.0,15.6022,3.6289089369000873,27.0,0.5778592592592593,RMAE,RMAE_A3_deg
Plebejus_argus,9.0,26.3571,0.9034717572351733,18.0,27.0,17.3571,19.211557927517987,9.0,1.9285666666666665,RMAE,RMAE_A3_deg
Rhyzobius_lophanthae,1.0,4.556,5.184780824221926,0.0,23.0,3.556,0.6858534855296694,23.0,0.15460869565217392,RMAE,RMAE_A3_deg
Tiphia_morio,1.0,1.096,2.9505685190245154,0.0,18.0,0.09600000000000009,0.03253610257854257,18.0,0.005333333333333338,RMAE,RMAE_A3_deg
Tychius_sp,2.0,16.1402,5.457758026174037,0.0,27.0,14.1402,2.5908440667737835,27.0,0.5237111111111111,RMAE,RMAE_A3_deg
Usia_sp,2.0,0.121,1.0142296910397641,0.0,15.0,1.879,1.8526375401943656,15.0,0.12526666666666667,RMAE,RMAE_A3_deg
Xylocopa_cantabrita,2.0,12.5839,6.1732302457600605,0.0,27.0,10.5839,1.7144832735291715,27.0,0.3919962962962963,RMAE,RMAE_A3_deg
Acmaeodera_sp,2.0,0.0055,0.09094271305445956,0.0,3.0,1.9945,21.93138881622793,3.0,0.6648333333333333,JS,JS_A3_deg
Anthrenus_sp,5.0,1.1404,1.9432100881131371,0.0,26.0,3.8596,1.9861980048424324,26.0,0.14844615384615384,JS,JS_A3_deg
Attagenus_sp,11.0,8.0449,6.065143245320646,0.0,27.0,2.9551,0.48722674477307787,27.0,0.10944814814814814,JS,JS_A3_deg
Bombylius_sp,1.0,0.0,0.0,0.0,0.0,1.0,,0.0,,JS,JS_A3_deg
Buprestidae_sp1,1.0,0.0,0.0,0.0,0.0,1.0,,0.0,,JS,JS_A3_deg
Ceratina_sp,4.0,0.7737,1.5644593517590455,0.0,26.0,3.2263,2.0622459742226065,26.0,0.12408846153846155,JS,JS_A3_deg
Chasmatopterus_sp,12.0,10.5527,6.900230722838403,0.0,27.0,1.4473000000000003,0.20974660966186576,27.0,0.053603703703703716,JS,JS_A3_deg
Coptocephala_sp,2.0,0.2004,0.6966264198527662,0.0,20.0,1.7996,2.5833071338011417,20.0,0.08998,JS,JS_A3_deg
Curculionidae,1.0,0.0,0.0,0.0,0.0,1.0,,0.0,,JS,JS_A3_deg
Halictidae_sp1,1.0,0.0031,0.07135053671773611,0.0,3.0,0.9969,13.971864065210227,3.0,0.3323,JS,JS_A3_deg
Halictidae_sp3,1.0,0.0097,0.21589481479902597,0.0,12.0,0.9903,4.5869559253743954,12.0,0.082525,JS,JS_A3_deg
Heliotaurus_ruficollis,2.0,0.0164,0.1453724640890821,0.0,4.0,1.9836,13.644949973362761,4.0,0.4959,JS,JS_A3_deg
Lasioglossum_sp3,3.0,0.0348,0.20879013226666854,0.0,4.0,2.9652,14.201820592808577,4.0,0.7413,JS,JS_A3_deg
Lasioglossum_sp4,3.0,0.0423,0.23434206114174613,0.0,3.0,2.9577,12.621293785629804,3.0,0.9859,JS,JS_A3_deg
Lasioglossum_sp5,5.0,0.3884,0.8383410532546753,0.0,17.0,4.6116,5.500863857372217,17.0,0.27127058823529415,JS,JS_A3_deg
Malachius_sp,1.0,0.0045,0.10237576900716286,0.0,7.0,0.9955,9.723980680724836,7.0,0.1422142857142857,JS,JS_A3_deg
Megachile_apicalis,2.0,0.4027,1.0718430830860801,0.0,24.0,1.5973,1.4902367941779404,24.0,0.06655416666666666,JS,JS_A3_deg
Microlepidoptera,3.0,0.0478,0.2751776376692468,0.0,10.0,2.9522,10.728342698938471,10.0,0.29522,JS,JS_A3_deg
Oedemera_sp,6.0,0.1804,0.5105701794962377,0.0,10.0,5.8196,11.398237174254874,10.0,0.58196,JS,JS_A3_deg
Paragus_tibialis,2.0,0.0101,0.12165307208202586,0.0,5.0,1.9899,16.357170155623272,5.0,0.39798,JS,JS_A3_deg
Phthiria_sp1,4.0,0.1724,0.5068569131352939,0.0,9.0,3.8276,7.5516381464019,9.0,0.4252888888888889,JS,JS_A3_deg
Phthiria_sp2,5.0,1.4134,2.2471327064817657,0.0,27.0,3.5866,1.5960784112369482,27.0,0.13283703703703703,JS,JS_A3_deg
Plebejus_argus,9.0,4.8474,4.604718621518407,0.0,27.0,4.1526,0.9018140610360854,27.0,0.1538,JS,JS_A3_deg
Rhyzobius_lophanthae,1.0,0.102,0.5116856283092401,0.0,18.0,0.898,1.7549838227179768,18.0,0.04988888888888889,JS,JS_A3_deg
Tiphia_morio,1.0,0.0219,0.20155508538671152,0.0,11.0,0.9781,4.852767659636961,11.0,0.08891818181818181,JS,JS_A3_deg
Tychius_sp,2.0,0.7968,1.743448800903581,0.0,26.0,1.2032,0.6901263744461065,26.0,0.04627692307692308,JS,JS_A3_deg
Usia_sp,2.0,0.0026,0.05825443637986561,0.0,3.0,1.9974,34.28751738280243,3.0,0.6658000000000001,JS,JS_A3_deg
Xylocopa_cantabrita,2.0,0.4765,1.195236633081881,0.0,22.0,1.5235,1.2746429935565997,22.0,0.06925,JS,JS_A3_deg
Acmaeodera_sp,2.0,0.0031,0.06075161788716072,0.0,2.0,1.9969,32.86990650535458,2.0,0.99845,KS,KS_A3_deg
Anthrenus_sp,5.0,1.3709,2.6045367248620432,0.0,26.0,3.6291,1.3933763979435636,26.0,0.13958076923076923,KS,KS_A3_deg
Attagenus_sp,11.0,7.713,6.227881634309143,0.0,27.0,3.287,0.527787808601251,27.0,0.12174074074074073,KS,KS_A3_deg
Bombylius_sp,1.0,0.0,0.0,0.0,0.0,1.0,,0.0,,KS,KS_A3_deg
Buprestidae_sp1,1.0,0.0,0.0,0.0,0.0,1.0,,0.0,,KS,KS_A3_deg
Ceratina_sp,4.0,0.9117,2.053028154327227,0.0,26.0,3.0883000000000003,1.5042657810077766,26.0,0.11878076923076925,KS,KS_A3_deg
Chasmatopterus_sp,12.0,10.0471,7.003712357648545,0.0,27.0,1.9528999999999996,0.27883783631794873,27.0,0.07232962962962962,KS,KS_A3_deg
Coptocephala_sp,2.0,0.1442,0.531445767186405,0.0,13.0,1.8558,3.491983781948303,13.0,0.14275384615384615,KS,KS_A3_deg
Curculionidae,1.0,0.0,0.0,0.0,0.0,1.0,,0.0,,KS,KS_A3_deg
Halictidae_sp1,1.0,0.0012,0.03462195644366154,0.0,1.0,0.9988,28.848745206681023,1.0,0.9988,KS,KS_A3_deg
Halictidae_sp3,1.0,0.0042,0.12799999374937487,0.0,11.0,0.9958,7.779687879905567,11.0,0.09052727272727273,KS,KS_A3_deg
Heliotaurus_ruficollis,2.0,0.0136,0.1490545595618351,0.0,6.0,1.9864,13.326663778949642,6.0,0.3310666666666667,KS,KS_A3_deg
Lasioglossum_sp3,3.0,0.0297,0.23026769708587475,0.0,10.0,2.9703,12.899334286095165,10.0,0.29703,KS,KS_A3_deg
Lasioglossum_sp4,3.0,0.0357,0.21961405472624773,0.0,5.0,2.9643,13.497770002448364,5.0,0.59286,KS,KS_A3_deg
Lasioglossum_sp5,5.0,0.5289,1.4527821060244237,0.0,24.0,4.4711,3.077612245813849,24.0,0.18629583333333333,KS,KS_A3_deg
Malachius_sp,1.0,0.0024,0.05995497860850265,0.0,3.0,0.9976,16.639151962911768,3.0,0.33253333333333335,KS,KS_A3_deg
Megachile_apicalis,2.0,0.3333,1.0235799341468919,0.0,20.0,1.6667,1.6283046828083045,20.0,0.083335,KS,KS_A3_deg
Microlepidoptera,3.0,0.043,0.26335894857319636,0.0,8.0,2.957,11.228021739987124,8.0,0.369625,KS,KS_A3_deg
Oedemera_sp,6.0,0.2509,0.8533592515472136,0.0,19.0,5.7491,6.737021939559908,19.0,0.3025842105263158,KS,KS_A3_deg
Paragus_tibialis,2.0,0.007,0.13766951474283962,0.0,10.0,1.993,14.476698081799979,10.0,0.1993,KS,KS_A3_deg
Phthiria_sp1,4.0,0.1831,0.6332570500587777,0.0,14.0,3.8169,6.027410195663392,14.0,0.27263571428571426,KS,KS_A3_deg
Phthiria_sp2,5.0,1.6204,2.8407236421519606,0.0,27.0,3.3796,1.1896968609870897,27.0,0.12517037037037038,KS,KS_A3_deg
Plebejus_argus,9.0,4.8431,5.001058232848801,0.0,27.0,4.1569,0.8312040785080131,27.0,0.15395925925925927,KS,KS_A3_deg
Rhyzobius_lophanthae,1.0,0.058,0.3153505106931963,0.0,11.0,0.942,2.98715228946139,11.0,0.08563636363636364,KS,KS_A3_deg
Tiphia_morio,1.0,0.0125,0.16107869081434537,0.0,11.0,0.9875,6.130543990689395,11.0,0.08977272727272728,KS,KS_A3_deg
Tychius_sp,2.0,0.7107,1.7153133066510042,0.0,26.0,1.2893,0.7516411112773577,26.0,0.04958846153846153,KS,KS_A3_deg
Usia_sp,2.0,0.0019,0.05192937190036676,0.0,3.0,1.9981,38.47726107362928,3.0,0.6660333333333334,KS,KS_A3_deg
Xylocopa_cantabrita,2.0,0.3772,1.0603926646579203,0.0,22.0,1.6228,1.5303764860760432,22.0,0.07376363636363636,KS,KS_A3_deg
Acmaeodera_sp,2.0,0.2397,1.4639187873039898,0.0,20.0,1.7603,1.2024574144866584,20.0,0.088015,WASS,WASS_A3_deg
Anthrenus_sp,5.0,20.0214,4.311496369022477,0.0,27.0,15.0214,3.4840340137885177,27.0,0.5563481481481481,WASS,WASS_A3_deg
Attagenus_sp,11.0,26.93,0.26211995476702726,25.0,27.0,15.93,60.7737019265039,2.0,7.965,WASS,WASS_A3_deg
Bombylius_sp,1.0,0.0,0.0,0.0,0.0,1.0,,0.0,,WASS,WASS_A3_deg
Buprestidae_sp1,1.0,0.0,0.0,0.0,0.0,1.0,,0.0,,WASS,WASS_A3_deg
Ceratina_sp,4.0,17.2662,5.280958853526625,0.0,27.0,13.266200000000001,2.5120816821249856,27.0,0.4913407407407408,WASS,WASS_A3_deg
Chasmatopterus_sp,12.0,26.9861,0.11877794753270504,25.0,27.0,14.9861,126.16904325505067,2.0,7.49305,WASS,WASS_A3_deg
Coptocephala_sp,2.0,6.7436,6.194198563945542,0.0,26.0,4.7436,0.7658133576167522,26.0,0.18244615384615384,WASS,WASS_A3_deg
Curculionidae,1.0,0.0,0.0,0.0,0.0,1.0,,0.0,,WASS,WASS_A3_deg
Halictidae_sp1,1.0,0.1099,0.9908179257644673,0.0,15.0,0.8901,0.8983487044940591,15.0,0.05934,WASS,WASS_A3_deg
Halictidae_sp3,1.0,0.2384,1.4277847516098814,0.0,15.0,0.7616,0.5334137370085142,15.0,0.05077333333333334,WASS,WASS_A3_deg
Heliotaurus_ruficollis,2.0,0.8761,2.709480193375075,0.0,24.0,1.1239,0.4148028107930212,24.0,0.046829166666666665,WASS,WASS_A3_deg
Lasioglossum_sp3,3.0,1.9473,3.934599193956321,0.0,23.0,1.0527,0.2675494880436572,23.0,0.045769565217391305,WASS,WASS_A3_deg
Lasioglossum_sp4,3.0,1.9746,3.928370915507467,0.0,22.0,1.0254,0.26102423168651806,22.0,0.04660909090909091,WASS,WASS_A3_deg
Lasioglossum_sp5,5.0,13.8168,6.096240987314851,0.0,27.0,8.8168,1.4462682853821116,27.0,0.3265481481481482,WASS,WASS_A3_deg
Malachius_sp,1.0,0.1126,0.9850981077172907,0.0,15.0,0.8874,0.90082398194462,15.0,0.05916,WASS,WASS_A3_deg
Megachile_apicalis,2.0,11.3709,6.438996758651597,0.0,26.0,9.3709,1.4553354119038848,26.0,0.36041923076923077,WASS,WASS_A3_deg
Microlepidoptera,3.0,2.1507,4.111116592601553,0.0,21.0,0.8492999999999999,0.20658621103775485,21.0,0.04044285714285714,WASS,WASS_A3_deg
Oedemera_sp,6.0,9.4969,6.432800982686173,0.0,27.0,3.4969,0.5436045681207728,27.0,0.12951481481481483,WASS,WASS_A3_deg
Paragus_tibialis,2.0,0.5014,2.08581713084113,0.0,18.0,1.4986000000000002,0.7184714219868701,18.0,0.08325555555555557,WASS,WASS_A3_deg
Phthiria_sp1,4.0,7.9306,6.366886002099954,0.0,26.0,3.9306,0.6173504596601215,26.0,0.15117692307692307,WASS,WASS_A3_deg
Phthiria_sp2,5.0,21.2655,3.7964260871382094,0.0,27.0,16.2655,4.2844242523528555,27.0,0.6024259259259259,WASS,WASS_A3_deg
Plebejus_argus,9.0,26.4051,0.8473876306506108,19.0,27.0,17.4051,20.539714494813477,8.0,2.1756375,WASS,WASS_A3_deg
Rhyzobius_lophanthae,1.0,3.096,4.751698839803125,0.0,23.0,2.096,0.44110539633585927,23.0,0.0911304347826087,WASS,WASS_A3_deg
Tiphia_morio,1.0,0.74,2.507554342956162,0.0,18.0,0.26,0.10368668608532941,18.0,0.014444444444444446,WASS,WASS_A3_deg
Tychius_sp,2.0,15.7956,5.68802742658653,0.0,27.0,13.7956,2.4253750844304465,27.0,0.5109481481481482,WASS,WASS_A3_deg
Usia_sp,2.0,0.1178,1.0114472119424986,0.0,18.0,1.8822,1.8608979072523304,18.0,0.10456666666666667,WASS,WASS_A3_deg
Xylocopa_cantabrita,2.0,12.0999,6.343102039566169,0.0,27.0,10.0999,1.592265099473439,27.0,0.3740703703703704,WASS,WASS_A3_deg
Acmaeodera_sp,2.0,0.005,0.08470960731674529,0.0,3.0,1.995,23.551047669720823,3.0,0.665,HELL,HELL_A3_deg
Anthrenus_sp,5.0,1.1804,2.067143717382715,0.0,26.0,3.8196000000000003,1.8477670264920587,26.0,0.14690769230769232,HELL,HELL_A3_deg
Attagenus_sp,11.0,8.0294,6.098873278362675,0.0,27.0,2.9705999999999992,0.48707357316948496,27.0,0.11002222222222219,HELL,HELL_A3_deg
Bombylius_sp,1.0,0.0,0.0,0.0,0.0,1.0,,0.0,,HELL,HELL_A3_deg
Buprestidae_sp1,1.0,0.0,0.0,0.0,0.0,1.0,,0.0,,HELL,HELL_A3_deg
Ceratina_sp,4.0,0.7959,1.646789112618296,0.0,26.0,3.2041,1.9456650371617243,26.0,0.12323461538461539,HELL,HELL_A3_deg
Chasmatopterus_sp,12.0,10.5097,6.906031801079679,0.0,27.0,1.4902999999999995,0.21579686322426264,27.0,0.05519629629629628,HELL,HELL_A3_deg
Coptocephala_sp,2.0,0.2041,0.7210375715023128,0.0,20.0,1.7959,2.4907162552683144,20.0,0.089795,HELL,HELL_A3_deg
Curculionidae,1.0,0.0,0.0,0.0,0.0,1.0,,0.0,,HELL,HELL_A3_deg
Halictidae_sp1,1.0,0.0032,0.07204359116467478,0.0,3.0,0.9968,13.836067634684516,3.0,0.33226666666666665,HELL,HELL_A3_deg
Halictidae_sp3,1.0,0.0099,0.2168102642152046,0.0,12.0,0.9901,4.566665713839233,12.0,0.08250833333333334,HELL,HELL_A3_deg
Heliotaurus_ruficollis,2.0,0.0168,0.14939876839920674,0.0,4.0,1.9832,13.27454048818337,4.0,0.4958,HELL,HELL_A3_deg
Lasioglossum_sp3,3.0,0.0348,0.20974593997485025,0.0,4.0,2.9652,14.13710320378809,4.0,0.7413,HELL,HELL_A3_deg
Lasioglossum_sp4,3.0,0.0434,0.24356184478941645,0.0,5.0,2.9566,12.139011356874374,5.0,0.59132,HELL,HELL_A3_deg
Lasioglossum_sp5,5.0,0.3875,0.8647650153961977,0.0,18.0,4.6125,5.333818919451492,18.0,0.25625,HELL,HELL_A3_deg
Malachius_sp,1.0,0.0045,0.10237576900716305,0.0,7.0,0.9955,9.723980680724818,7.0,0.1422142857142857,HELL,HELL_A3_deg
Megachile_apicalis,2.0,0.4138,1.1070194710170742,0.0,24.0,1.5862,1.4328564596453564,24.0,0.06609166666666667,HELL,HELL_A3_deg
Microlepidoptera,3.0,0.0469,0.27405820693801297,0.0,10.0,2.9531,10.775448153858564,10.0,0.29531,HELL,HELL_A3_deg
Oedemera_sp,6.0,0.176,0.5431882779944126,0.0,15.0,5.824,10.721880857782256,15.0,0.38826666666666665,HELL,HELL_A3_deg
Paragus_tibialis,2.0,0.0095,0.11836870834435735,0.0,5.0,1.9905,16.8160996925746,5.0,0.3981,HELL,HELL_A3_deg
Phthiria_sp1,4.0,0.1706,0.5088433277082609,0.0,9.0,3.8294,7.525695614889815,9.0,0.4254888888888889,HELL,HELL_A3_deg
Phthiria_sp2,5.0,1.4631,2.3921978703830313,0.0,27.0,3.5369,1.4785148184391965,27.0,0.1309962962962963,HELL,HELL_A3_deg
Plebejus_argus,9.0,4.8895,4.708939069548045,0.0,27.0,4.1105,0.8729142465618096,27.0,0.15224074074074073,HELL,HELL_A3_deg
Rhyzobius_lophanthae,1.0,0.1044,0.5305928692314743,0.0,18.0,0.8956,1.6879231741225853,18.0,0.04975555555555555,HELL,HELL_A3_deg
Tiphia_morio,1.0,0.0215,0.19910227063350394,0.0,11.0,0.9785,4.91455972293338,11.0,0.08895454545454545,HELL,HELL_A3_deg
Tychius_sp,2.0,0.8152,1.831060959778196,0.0,26.0,1.1848,0.6470565568409693,26.0,0.04556923076923077,HELL,HELL_A3_deg
Usia_sp,2.0,0.003,0.07065054246016089,0.0,4.0,1.997,28.265883466161462,4.0,0.49925,HELL,HELL_A3_deg
Xylocopa_cantabrita,2.0,0.4857,1.2400601940746636,0.0,22.0,1.5143,1.2211503983723748,22.0,0.06883181818181817,HELL,HELL_A3_deg
Acmaeodera_sp,2.0,0.0054,0.0870149249250725,0.0,3.0,1.9946,22.92250440619843,3.0,0.6648666666666666,KL,KL_A3_deg
Anthrenus_sp,5.0,1.4141,2.754084183166672,0.0,27.0,3.5859,1.3020299168476754,27.0,0.1328111111111111,KL,KL_A3_deg
Attagenus_sp,11.0,8.2443,6.493830494665627,0.0,27.0,2.755699999999999,0.42435662622602727,27.0,0.10206296296296292,KL,KL_A3_deg
Bombylius_sp,1.0,0.0,0.0,0.0,0.0,1.0,,0.0,,KL,KL_A3_deg
Buprestidae_sp1,1.0,0.0,0.0,0.0,0.0,1.0,,0.0,,KL,KL_A3_deg
Ceratina_sp,4.0,0.9586,2.1569773515569177,0.0,26.0,3.0414,1.4100287134701257,26.0,0.11697692307692308,KL,KL_A3_deg
Chasmatopterus_sp,12.0,10.6271,7.167299533873345,0.0,27.0,1.3728999999999996,0.19155052659813399,27.0,0.050848148148148135,KL,KL_A3_deg
Coptocephala_sp,2.0,0.2482,0.9045875236033207,0.0,20.0,1.7518,1.9365732494539671,20.0,0.08759,KL,KL_A3_deg
Curculionidae,1.0,0.0,0.0,0.0,0.0,1.0,,0.0,,KL,KL_A3_deg
Halictidae_sp1,1.0,0.0029,0.0655135039661304,0.0,3.0,0.9971,15.219762944071611,3.0,0.33236666666666664,KL,KL_A3_deg
Halictidae_sp3,1.0,0.0111,0.2497659470440889,0.0,13.0,0.9889,3.959306749792591,13.0,0.07606923076923076,KL,KL_A3_deg
Heliotaurus_ruficollis,2.0,0.0219,0.23157234846858932,0.0,9.0,1.9781,8.542038862072133,9.0,0.2197888888888889,KL,KL_A3_deg
Lasioglossum_sp3,3.0,0.0365,0.23145865140610117,0.0,6.0,2.9635,12.803582765201764,6.0,0.4939166666666666,KL,KL_A3_deg
Lasioglossum_sp4,3.0,0.044,0.24833478817254268,0.0,5.0,2.956,11.903285970333625,5.0,0.5912,KL,KL_A3_deg
Lasioglossum_sp5,5.0,0.3947,1.036349029975516,0.0,23.0,4.6053,4.443773156335951,23.0,0.20023043478260868,KL,KL_A3_deg
Malachius_sp,1.0,0.0049,0.11347809360300673,0.0,7.0,0.9951,8.769093385383007,7.0,0.14215714285714284,KL,KL_A3_deg
Megachile_apicalis,2.0,0.5163,1.4783615475540892,0.0,24.0,1.4837,1.0036110601325794,24.0,0.06182083333333333,KL,KL_A3_deg
Microlepidoptera,3.0,0.0485,0.2887145400019899,0.0,10.0,2.9515,10.22290044685542,10.0,0.29514999999999997,KL,KL_A3_deg
Oedemera_sp,6.0,0.1524,0.519423931025528,0.0,15.0,5.8476,11.257856349542374,15.0,0.38984,KL,KL_A3_deg
Paragus_tibialis,2.0,0.0118,0.17453883917523347,0.0,10.0,1.9882,11.391160898027328,10.0,0.19882,KL,KL_A3_deg
Phthiria_sp1,4.0,0.1808,0.6540291548650881,0.0,18.0,3.8192,5.839495031055332,18.0,0.21217777777777777,KL,KL_A3_deg
Phthiria_sp2,5.0,1.7315,3.078661326868644,0.0,27.0,3.2685,1.061662733563631,27.0,0.12105555555555556,KL,KL_A3_deg
Plebejus_argus,9.0,5.224,5.345154915257997,0.0,27.0,3.776,0.7064341557662304,27.0,0.13985185185185184,KL,KL_A3_deg
Rhyzobius_lophanthae,1.0,0.1216,0.6508884739957823,0.0,18.0,0.8784,1.3495399520712543,18.0,0.048799999999999996,KL,KL_A3_deg
Tiphia_morio,1.0,0.0243,0.24354761658483684,0.0,11.0,0.9757,4.00619810483806,11.0,0.0887,KL,KL_A3_deg
Tychius_sp,2.0,0.9519,2.2272589562612204,0.0,26.0,1.0481,0.4705784197448639,26.0,0.04031153846153846,KL,KL_A3_deg
Usia_sp,2.0,0.0031,0.07135053671773604,0.0,4.0,1.9969,27.98717559616644,4.0,0.499225,KL,KL_A3_deg
Xylocopa_cantabrita,2.0,0.5795,1.5540660417518315,0.0,22.0,1.4205,0.9140538187159226,22.0,0.06456818181818182,KL,KL_A3_deg
Ancistrocerus_sp,1.0,2.696,5.0655058913195985,0.0,30.0,1.6960000000000002,0.33481354802218594,30.0,0.05653333333333334,MAE,MAE_A2_deg
Andrena_sp,5.0,36.6266,5.287661900768404,0.0,48.0,31.626600000000003,5.98120692917299,48.0,0.6588875000000001,MAE,MAE_A2_deg
Anthidiellum_strigatum,1.0,0.0,0.0,0.0,0.0,1.0,,0.0,,MAE,MAE_A2_deg
Anthophora_sp,1.0,9.1645,8.120149840572129,0.0,37.0,8.1645,1.0054617415070688,37.0,0.22066216216216217,MAE,MAE_A2_deg
Anthrenus_sp,6.0,4.3083,6.423346250024582,0.0,32.0,1.6917,0.2633673998180506,32.0,0.052865625,MAE,MAE_A2_deg
Apis_mellifera,8.0,18.7051,9.46485564281008,0.0,43.0,10.705100000000002,1.131036795910571,43.0,0.2489558139534884,MAE,MAE_A2_deg
Attagenus_sp,8.0,46.3136,1.312031700348077,37.0,48.0,38.3136,29.20173345646721,11.0,3.4830545454545456,MAE,MAE_A2_deg
Bombus_terrestris,14.0,46.5333,1.2083199550248975,38.0,48.0,32.5333,26.92440844389568,10.0,3.2533299999999996,MAE,MAE_A2_deg
Bombylius_sp,5.0,39.2204,4.35459758094927,0.0,48.0,34.2204,7.858452902676762,48.0,0.7129249999999999,MAE,MAE_A2_deg
Ceratina_sp,7.0,12.5084,9.331722110294246,0.0,40.0,5.5084,0.5902876162507491,40.0,0.13771,MAE,MAE_A2_deg
Chasmatopterus_sp,8.0,32.9287,6.446392162069476,0.0,47.0,24.9287,3.8670777968923895,47.0,0.5303978723404256,MAE,MAE_A2_deg
Dasypoda_sp,2.0,15.3286,9.054535907601808,0.0,40.0,13.3286,1.4720356886331265,40.0,0.333215,MAE,MAE_A2_deg
Diptera_sp1,2.0,10.2845,8.514317888763069,0.0,40.0,8.2845,0.9730080680841885,40.0,0.20711249999999998,MAE,MAE_A2_deg
Diptera_sp10,1.0,1.4885,3.9298361430485933,0.0,27.0,0.48849999999999993,0.12430543722900447,27.0,0.01809259259259259,MAE,MAE_A2_deg
Diptera_sp3,2.0,1.2055,3.553158066174986,0.0,24.0,0.7945,0.2236038997429934,24.0,0.033104166666666664,MAE,MAE_A2_deg
Diptera_sp7,2.0,3.5186,5.824452460501903,0.0,31.0,1.5186000000000002,0.2607283706577184,31.0,0.04898709677419356,MAE,MAE_A2_deg
Diptera_sp8,1.0,0.9065,3.057137935919135,0.0,23.0,0.09350000000000003,0.030584161382266533,23.0,0.004065217391304349,MAE,MAE_A2_deg
Episyrphus_sp,1.0,0.0,0.0,0.0,0.0,1.0,,0.0,,MAE,MAE_A2_deg
Eucera_sp,1.0,7.6681,7.68729157995088,0.0,35.0,6.6681,0.8674186390159806,35.0,0.19051714285714286,MAE,MAE_A2_deg
Halictidae_sp1,4.0,6.6379,7.619736847750262,0.0,35.0,2.6379,0.3461930579372756,35.0,0.07536857142857144,MAE,MAE_A2_deg
Halictus_sp,4.0,3.9753,6.192117904434173,0.0,31.0,0.024700000000000166,0.003988942132757599,31.0,0.0007967741935483925,MAE,MAE_A2_deg
Heliotaurus_ruficollis,3.0,21.9107,8.818350290172416,0.0,44.0,18.9107,2.144471400855438,44.0,0.42978863636363634,MAE,MAE_A2_deg
Lasioglossum_sp2,24.0,47.8922,0.32185325686078625,46.0,48.0,23.892200000000003,74.23320873939232,2.0,11.946100000000001,MAE,MAE_A2_deg
Lasioglossum_sp3,4.0,3.8652,6.125567828219829,0.0,33.0,0.1347999999999998,0.02200612315139027,33.0,0.004084848484848479,MAE,MAE_A2_deg
Lasioglossum_sp4,1.0,0.2961,1.8054225945951012,0.0,22.0,0.7039,0.3898810184979779,22.0,0.03199545454545454,MAE,MAE_A2_deg
Lasioglossum_sp6,1.0,5.9959,7.154788766289955,0.0,36.0,4.9959,0.6982596081016903,36.0,0.13877499999999998,MAE,MAE_A2_deg
Lobonyx_aeneus,4.0,10.2322,8.636350028465813,0.0,39.0,6.232200000000001,0.7216242949230147,39.0,0.15980000000000003,MAE,MAE_A2_deg
Lomatia_sp,2.0,29.5841,7.258208825153415,0.0,46.0,27.5841,3.8004004382468235,46.0,0.599654347826087,MAE,MAE_A2_deg
Mordellidae_sp,1.0,0.8984,3.046244474847692,0.0,24.0,0.10160000000000002,0.03335254305387944,24.0,0.004233333333333335,MAE,MAE_A2_deg
Mylabris_sp,1.0,0.9309,3.1041083645507506,0.0,30.0,0.06910000000000005,0.02226082078484419,30.0,0.002303333333333335,MAE,MAE_A2_deg
Nustera_distigma,6.0,7.8043,8.175884418128843,0.0,38.0,1.8042999999999996,0.2206856050948109,38.0,0.04748157894736841,MAE,MAE_A2_deg
Phthiria_sp,2.0,4.3458,6.337194833981077,0.0,35.0,2.3457999999999997,0.3701637808926807,35.0,0.06702285714285713,MAE,MAE_A2_deg
Phthiria_sp1,6.0,5.127,6.977043708755976,0.0,36.0,0.8730000000000002,0.12512462820096884,36.0,0.024250000000000008,MAE,MAE_A2_deg
Plebejus_argus,2.0,2.2117,4.699669328706005,0.0,30.0,0.2117,0.04504572241006772,30.0,0.007056666666666667,MAE,MAE_A2_deg
Rhyncomyia_cupraea,21.0,44.7062,2.0582772433569407,25.0,48.0,23.706200000000003,11.517496040201296,23.0,1.030704347826087,MAE,MAE_A2_deg
Scaeva_sp,1.0,7.5161,7.689554845072077,0.0,36.0,6.5161,0.8473962578179546,36.0,0.18100277777777776,MAE,MAE_A2_deg
Sphaerophoria_scripta,4.0,19.8088,9.059660606503462,0.0,43.0,15.808800000000002,1.7449660298148124,43.0,0.367646511627907,MAE,MAE_A2_deg
Syrphidae_sp5,1.0,0.0,0.0,0.0,0.0,1.0,,0.0,,MAE,MAE_A2_deg
Tiphia_morio,1.0,1.7792,4.243211972643414,0.0,29.0,0.7791999999999999,0.18363447431417806,29.0,0.026868965517241376,MAE,MAE_A2_deg
Vespidae,3.0,5.4149,7.00426041466161,0.0,34.0,2.4149000000000003,0.3447758731164579,34.0,0.0710264705882353,MAE,MAE_A2_deg
Vespula_sp,1.0,2.0592,4.545763055436959,0.0,29.0,1.0592000000000001,0.23300818522275246,29.0,0.03652413793103449,MAE,MAE_A2_deg
Xylocopa_cantabrita,8.0,45.6997,1.583531075497634,36.0,48.0,37.6997,23.807363545519717,12.0,3.1416416666666667,MAE,MAE_A2_deg
Ancistrocerus_sp,1.0,3.1555,5.377416797230929,0.0,30.0,2.1555,0.40084302208264067,30.0,0.07185,RMAE,RMAE_A2_deg
Andrena_sp,5.0,35.7556,5.783944505387677,0.0,48.0,30.7556,5.31740924750428,48.0,0.6407416666666667,RMAE,RMAE_A2_deg
Anthidiellum_strigatum,1.0,0.0,0.0,0.0,0.0,1.0,,0.0,,RMAE,RMAE_A2_deg
Anthophora_sp,1.0,10.6804,8.207605760465842,0.0,37.0,9.6804,1.1794426148765906,37.0,0.26163243243243245,RMAE,RMAE_A2_deg
Anthrenus_sp,6.0,4.0874,6.103547048123474,0.0,32.0,1.9126000000000003,0.3133587707148135,32.0,0.05976875000000001,RMAE,RMAE_A2_deg
Apis_mellifera,8.0,17.0167,9.296486625406255,0.0,43.0,9.0167,0.9699040469071801,43.0,0.2096906976744186,RMAE,RMAE_A2_deg
Attagenus_sp,8.0,46.2702,1.348767540159436,37.0,48.0,38.2702,28.374200045973925,11.0,3.479109090909091,RMAE,RMAE_A2_deg
Bombus_terrestris,14.0,46.4947,1.2396473621793624,38.0,48.0,32.4947,26.21285777825775,10.0,3.24947,RMAE,RMAE_A2_deg
Bombylius_sp,5.0,38.6076,4.719411989321604,0.0,48.0,33.6076,7.121141378638348,48.0,0.7001583333333333,RMAE,RMAE_A2_deg
Ceratina_sp,7.0,11.524,8.844922117504852,0.0,40.0,4.523999999999999,0.5114799135479801,40.0,0.11309999999999998,RMAE,RMAE_A2_deg
Chasmatopterus_sp,8.0,31.3197,7.254057764134809,0.0,47.0,23.3197,3.2147110980141664,47.0,0.49616382978723406,RMAE,RMAE_A2_deg
Dasypoda_sp,2.0,15.0016,9.014007026415475,0.0,40.0,13.0016,1.4423773979650687,40.0,0.32504,RMAE,RMAE_A2_deg
Diptera_sp1,2.0,9.9803,8.48058393864442,0.0,41.0,7.9803,0.9410083147264516,41.0,0.19464146341463415,RMAE,RMAE_A2_deg
Diptera_sp10,1.0,1.7363,4.180730816617606,0.0,27.0,0.7363,0.17611753358368545,27.0,0.02727037037037037,RMAE,RMAE_A2_deg
Diptera_sp3,2.0,1.1524,3.4516902608092854,0.0,27.0,0.8475999999999999,0.24556085162788363,27.0,0.03139259259259259,RMAE,RMAE_A2_deg
Diptera_sp7,2.0,3.3683,5.623256815380315,0.0,32.0,1.3683,0.24332874078550484,32.0,0.042759375,RMAE,RMAE_A2_deg
Diptera_sp8,1.0,1.0431,3.241557212099755,0.0,23.0,0.043099999999999916,0.013296078760887089,23.0,0.0018739130434782573,RMAE,RMAE_A2_deg
Episyrphus_sp,1.0,0.0,0.0,0.0,0.0,1.0,,0.0,,RMAE,RMAE_A2_deg
Eucera_sp,1.0,9.0803,7.878671160540049,0.0,35.0,8.0803,1.0255917318227215,35.0,0.23086571428571426,RMAE,RMAE_A2_deg
Halictidae_sp1,4.0,6.0383,7.223728354190344,0.0,35.0,2.0382999999999996,0.2821673102944993,35.0,0.05823714285714284,RMAE,RMAE_A2_deg
Halictus_sp,4.0,3.74,5.929529149232106,0.0,30.0,0.2599999999999998,0.04384833828393788,30.0,0.00866666666666666,RMAE,RMAE_A2_deg
Heliotaurus_ruficollis,3.0,20.6899,8.979053420602485,0.0,44.0,17.6899,1.9701297198444587,44.0,0.4020431818181818,RMAE,RMAE_A2_deg
Lasioglossum_sp2,24.0,47.8919,0.32561479158547224,46.0,48.0,23.8919,73.37473793394456,2.0,11.94595,RMAE,RMAE_A2_deg
Lasioglossum_sp3,4.0,3.6186,5.835455363031186,0.0,33.0,0.3814000000000002,0.06535908104382872,33.0,0.011557575757575763,RMAE,RMAE_A2_deg
Lasioglossum_sp4,1.0,0.3383,1.9037897865980768,0.0,22.0,0.6617,0.34756988647491693,22.0,0.030077272727272727,RMAE,RMAE_A2_deg
Lasioglossum_sp6,1.0,7.0036,7.380056474266072,0.0,37.0,6.0036,0.8134897098598479,37.0,0.16225945945945944,RMAE,RMAE_A2_deg
Lobonyx_aeneus,4.0,9.308,8.335843366358485,0.0,39.0,5.308,0.6367682028937643,39.0,0.1361025641025641,RMAE,RMAE_A2_deg
Lomatia_sp,2.0,29.2534,7.410565436456829,0.0,46.0,27.2534,3.677641096848679,46.0,0.5924652173913043,RMAE,RMAE_A2_deg
Mordellidae_sp,1.0,1.0905,3.319610177592121,0.0,24.0,0.09050000000000002,0.027262237177994253,24.0,0.0037708333333333344,RMAE,RMAE_A2_deg
Mylabris_sp,1.0,1.0612,3.298293867174883,0.0,30.0,0.06119999999999992,0.018555047689677237,30.0,0.0020399999999999975,RMAE,RMAE_A2_deg
Nustera_distigma,6.0,7.2204,7.738669946525313,0.0,38.0,1.2203999999999997,0.15770151827549683,38.0,0.0321157894736842,RMAE,RMAE_A2_deg
Phthiria_sp,2.0,4.2128,6.203754090587538,0.0,35.0,2.2127999999999997,0.35668725221673514,35.0,0.06322285714285714,RMAE,RMAE_A2_deg
Phthiria_sp1,6.0,4.8093,6.583514849742336,0.0,36.0,1.1906999999999996,0.18086083606944411,36.0,0.03307499999999999,RMAE,RMAE_A2_deg
Plebejus_argus,2.0,2.1687,4.571403513474637,0.0,30.0,0.16869999999999985,0.03690332728291014,30.0,0.005623333333333328,RMAE,RMAE_A2_deg
Rhyncomyia_cupraea,21.0,44.5365,2.1904217732561237,25.0,48.0,23.536499999999997,10.745190851993918,23.0,1.0233260869565215,RMAE,RMAE_A2_deg
Scaeva_sp,1.0,8.7865,7.869174679787826,0.0,38.0,7.7865,0.9894938563252157,38.0,0.20490789473684212,RMAE,RMAE_A2_deg
Sphaerophoria_scripta,4.0,18.2833,9.183423906009358,0.0,43.0,14.2833,1.5553349323941625,43.0,0.3321697674418605,RMAE,RMAE_A2_deg
Syrphidae_sp5,1.0,0.0,0.0,0.0,0.0,1.0,,0.0,,RMAE,RMAE_A2_deg
Tiphia_morio,1.0,2.1398,4.5856470400454485,0.0,29.0,1.1398000000000001,0.2485581620317432,29.0,0.039303448275862074,RMAE,RMAE_A2_deg
Vespidae,3.0,5.0353,6.716335669580748,0.0,34.0,2.0353000000000003,0.30303726617151777,34.0,0.059861764705882364,RMAE,RMAE_A2_deg
Vespula_sp,1.0,2.4447,4.853400607795118,0.0,29.0,1.4447,0.29766757717869946,29.0,0.049817241379310345,RMAE,RMAE_A2_deg
Xylocopa_cantabrita,8.0,45.5964,1.6502058532000785,35.0,48.0,37.5964,22.782854591803247,13.0,2.8920307692307694,RMAE,RMAE_A2_deg
Ancistrocerus_sp,1.0,0.2843,1.4152292384556475,0.0,27.0,0.7157,0.5057131244553704,27.0,0.026507407407407407,JS,JS_A2_deg
Andrena_sp,5.0,8.2451,10.928520908472692,0.0,47.0,3.2451000000000008,0.2969386275762287,47.0,0.06904468085106384,JS,JS_A2_deg
Anthidiellum_strigatum,1.0,0.0,0.0,0.0,0.0,1.0,,0.0,,JS,JS_A2_deg
Anthophora_sp,1.0,1.2758,3.5824597362393606,0.0,34.0,0.27580000000000005,0.07698621067811844,34.0,0.008111764705882355,JS,JS_A2_deg
Anthrenus_sp,6.0,0.2335,1.1375883089747665,0.0,26.0,5.7665,5.069057016942242,26.0,0.22178846153846152,JS,JS_A2_deg
Apis_mellifera,8.0,1.5102,3.5941602299808313,0.0,36.0,6.4898,1.8056512744938507,36.0,0.18027222222222222,JS,JS_A2_deg
Attagenus_sp,8.0,17.6146,14.77977371312233,0.0,48.0,9.6146,0.6505241681382177,48.0,0.20030416666666664,JS,JS_A2_deg
Bombus_terrestris,14.0,17.9813,14.797873090914202,0.0,48.0,3.981300000000001,0.26904542129398945,48.0,0.08294375000000002,JS,JS_A2_deg
Bombylius_sp,5.0,9.6793,11.932614560062857,0.0,48.0,4.6793,0.3921437314887468,48.0,0.09748541666666666,JS,JS_A2_deg
Ceratina_sp,7.0,0.8261,2.409157361800879,0.0,34.0,6.1739,2.562680254055685,34.0,0.18158529411764704,JS,JS_A2_deg
Chasmatopterus_sp,8.0,6.0951,9.202549901112635,0.0,46.0,1.9048999999999996,0.20699697588922475,46.0,0.04141086956521738,JS,JS_A2_deg
Dasypoda_sp,2.0,2.0612,4.660410550868917,0.0,36.0,0.06119999999999992,0.013131890277046384,36.0,0.0016999999999999977,JS,JS_A2_deg
Diptera_sp1,2.0,1.1733,3.2572884586432123,0.0,40.0,0.8267,0.253800058084003,40.0,0.0206675,JS,JS_A2_deg
Diptera_sp10,1.0,0.1631,1.0763894515579124,0.0,24.0,0.8369,0.7775066903421551,24.0,0.03487083333333333,JS,JS_A2_deg
Diptera_sp3,2.0,0.0779,0.7004860156104525,0.0,20.0,1.9221,2.743951994994429,20.0,0.096105,JS,JS_A2_deg
Diptera_sp7,2.0,0.313,1.5097877155065902,0.0,25.0,1.687,1.1173756301454265,25.0,0.06748,JS,JS_A2_deg
Diptera_sp8,1.0,0.0842,0.7398412644004451,0.0,18.0,0.9158,1.237833092132471,18.0,0.05087777777777777,JS,JS_A2_deg
Episyrphus_sp,1.0,0.0,0.0,0.0,0.0,1.0,,0.0,,JS,JS_A2_deg
Eucera_sp,1.0,1.023,3.0351593400053805,0.0,33.0,0.02299999999999991,0.0075778558630662,33.0,0.0006969696969696942,JS,JS_A2_deg
Halictidae_sp1,4.0,0.4981,1.8511993636311599,0.0,29.0,3.5019,1.891692525828748,29.0,0.1207551724137931,JS,JS_A2_deg
Halictus_sp,4.0,0.254,1.2281835544756126,0.0,29.0,3.746,3.050032697758601,29.0,0.12917241379310346,JS,JS_A2_deg
Heliotaurus_ruficollis,3.0,3.4094,6.47119612420514,0.0,42.0,0.4094000000000002,0.06326496557084135,42.0,0.009747619047619052,JS,JS_A2_deg
Lasioglossum_sp2,24.0,28.4491,15.093084154967505,0.0,48.0,4.449100000000001,0.29477739303107864,48.0,0.09268958333333337,JS,JS_A2_deg
Lasioglossum_sp3,4.0,0.2588,1.333341794152578,0.0,26.0,3.7412,2.805882194953445,26.0,0.1438923076923077,JS,JS_A2_deg
Lasioglossum_sp4,1.0,0.0325,0.4563601389885466,0.0,17.0,0.9675,2.1200361673662336,17.0,0.056911764705882356,JS,JS_A2_deg
Lasioglossum_sp6,1.0,0.7102,2.4671490920623835,0.0,30.0,0.28979999999999995,0.11746351322357464,30.0,0.009659999999999998,JS,JS_A2_deg
Lobonyx_aeneus,4.0,0.8282,2.599146074392825,0.0,32.0,3.1718,1.2203238714626496,32.0,0.09911875,JS,JS_A2_deg
Lomatia_sp,2.0,5.9275,9.103610894756658,0.0,45.0,3.9275,0.43142221755788074,45.0,0.08727777777777779,JS,JS_A2_deg
Mordellidae_sp,1.0,0.0914,0.8141942834687087,0.0,26.0,0.9086,1.1159498641148584,26.0,0.03494615384615384,JS,JS_A2_deg
Mylabris_sp,1.0,0.0963,0.7957949729446012,0.0,16.0,0.9037,1.1355940043905133,16.0,0.05648125,JS,JS_A2_deg
Nustera_distigma,6.0,0.4902,1.8088756627021993,0.0,27.0,5.5098,3.0459805024791775,27.0,0.20406666666666667,JS,JS_A2_deg
Phthiria_sp,2.0,0.3983,1.7123522783097243,0.0,28.0,1.6017000000000001,0.9353799567347498,28.0,0.05720357142857143,JS,JS_A2_deg
Phthiria_sp1,6.0,0.285,1.2719814439210053,0.0,26.0,5.715,4.492990072546155,26.0,0.21980769230769232,JS,JS_A2_deg
Plebejus_argus,2.0,0.1713,1.0884276629513532,0.0,24.0,1.8287,1.680130028155792,24.0,0.07619583333333334,JS,JS_A2_deg
Rhyncomyia_cupraea,21.0,13.6972,13.66196095286863,0.0,48.0,7.3027999999999995,0.5345352709756219,48.0,0.15214166666666665,JS,JS_A2_deg
Scaeva_sp,1.0,0.9287,2.8738897393990945,0.0,32.0,0.07130000000000003,0.0248095809044185,32.0,0.002228125000000001,JS,JS_A2_deg
Sphaerophoria_scripta,4.0,2.5771,5.407955268677689,0.0,39.0,1.4228999999999998,0.2631123833884662,39.0,0.03648461538461538,JS,JS_A2_deg
Syrphidae_sp5,1.0,0.0,0.0,0.0,0.0,1.0,,0.0,,JS,JS_A2_deg
Tiphia_morio,1.0,0.1843,1.1637306118228952,0.0,24.0,0.8157,0.7009354155617409,24.0,0.0339875,JS,JS_A2_deg
Vespidae,3.0,0.4529,1.8133147550935844,0.0,32.0,2.5471,1.4046651265839092,32.0,0.079596875,JS,JS_A2_deg
Vespula_sp,1.0,0.2137,1.2162155351839565,0.0,20.0,0.7863,0.6465136953550503,20.0,0.039315,JS,JS_A2_deg
Xylocopa_cantabrita,8.0,16.0806,14.483351835401875,0.0,48.0,8.0806,0.5579233379008627,48.0,0.16834583333333333,JS,JS_A2_deg
Ancistrocerus_sp,1.0,0.1459,0.9858551521588274,0.0,27.0,0.8541,0.8663544518986286,27.0,0.03163333333333333,KS,KS_A2_deg
Andrena_sp,5.0,8.002,10.715627768257308,0.0,47.0,3.0020000000000007,0.280151575336796,47.0,0.06387234042553193,KS,KS_A2_deg
Anthidiellum_strigatum,1.0,0.0,0.0,0.0,0.0,1.0,,0.0,,KS,KS_A2_deg
Anthophora_sp,1.0,0.6888,2.394228016037584,0.0,33.0,0.31120000000000003,0.12997926593267084,33.0,0.009430303030303032,KS,KS_A2_deg
Anthrenus_sp,6.0,0.308,1.4319710381517536,0.0,26.0,5.692,3.974940727395346,26.0,0.21892307692307694,KS,KS_A2_deg
Apis_mellifera,8.0,2.5616,5.313758466745008,0.0,40.0,5.4384,1.0234563791401197,40.0,0.13596,KS,KS_A2_deg
Attagenus_sp,8.0,16.9569,14.658790209394528,0.0,48.0,8.956900000000001,0.6110258672137692,48.0,0.18660208333333336,KS,KS_A2_deg
Bombus_terrestris,14.0,17.5492,14.795048790283532,0.0,48.0,3.549199999999999,0.23989106425461015,48.0,0.07394166666666664,KS,KS_A2_deg
Bombylius_sp,5.0,9.2648,11.58124749279407,0.0,47.0,4.264799999999999,0.3682504844710025,47.0,0.09074042553191487,KS,KS_A2_deg
Ceratina_sp,7.0,1.3355,3.427202112719964,0.0,36.0,5.6645,1.6528059372326973,36.0,0.15734722222222222,KS,KS_A2_deg
Chasmatopterus_sp,8.0,6.4972,9.419695601585142,0.0,45.0,1.5027999999999997,0.15953806402694257,45.0,0.033395555555555546,KS,KS_A2_deg
Dasypoda_sp,2.0,1.6496,3.9789198308463147,0.0,36.0,0.35040000000000004,0.08806410153920344,36.0,0.009733333333333335,KS,KS_A2_deg
Diptera_sp1,2.0,0.8596,2.6547679030871856,0.0,36.0,1.1404,0.42956674241610643,36.0,0.03167777777777778,KS,KS_A2_deg
Diptera_sp10,1.0,0.071,0.5883822051710398,0.0,18.0,0.929,1.578905670218127,18.0,0.051611111111111115,KS,KS_A2_deg
Diptera_sp3,2.0,0.0566,0.5836355909729171,0.0,20.0,1.9434,3.3298174923848696,20.0,0.09717,KS,KS_A2_deg
Diptera_sp7,2.0,0.2056,1.1203812589545317,0.0,24.0,1.7944,1.6015976576352406,24.0,0.07476666666666666,KS,KS_A2_deg
Diptera_sp8,1.0,0.0469,0.503513398604504,0.0,13.0,0.9531000000000001,1.89289898271135,13.0,0.07331538461538462,KS,KS_A2_deg
Episyrphus_sp,1.0,0.0,0.0,0.0,0.0,1.0,,0.0,,KS,KS_A2_deg
Eucera_sp,1.0,0.5574,2.021116951433815,0.0,28.0,0.4426,0.21898782239494452,28.0,0.015807142857142856,KS,KS_A2_deg
Halictidae_sp1,4.0,0.5201,1.9162367250208463,0.0,29.0,3.4798999999999998,1.816007362014285,29.0,0.11999655172413792,KS,KS_A2_deg
Halictus_sp,4.0,0.2597,1.2692584495291626,0.0,25.0,3.7403,2.94683876352171,25.0,0.149612,KS,KS_A2_deg
Heliotaurus_ruficollis,3.0,3.1758,5.9995244636036675,0.0,42.0,0.17580000000000018,0.029302322386798696,42.0,0.00418571428571429,KS,KS_A2_deg
Lasioglossum_sp2,24.0,27.8546,15.069643932649006,0.0,48.0,3.8546000000000014,0.255785738351047,48.0,0.08030416666666669,KS,KS_A2_deg
Lasioglossum_sp3,4.0,0.2576,1.3331241360039248,0.0,27.0,3.7424,2.807240450403924,27.0,0.1386074074074074,KS,KS_A2_deg
Lasioglossum_sp4,1.0,0.0139,0.2602182955830269,0.0,11.0,0.9861,3.7895106406358297,11.0,0.08964545454545454,KS,KS_A2_deg
Lasioglossum_sp6,1.0,0.3634,1.613071802513455,0.0,27.0,0.6366,0.3946507520669961,27.0,0.02357777777777778,KS,KS_A2_deg
Lobonyx_aeneus,4.0,0.8829,2.6831898070680817,0.0,32.0,3.1170999999999998,1.1617143117452624,32.0,0.09740937499999999,KS,KS_A2_deg
Lomatia_sp,2.0,5.2976,8.31284214781308,0.0,44.0,3.2976,0.39668743149026636,44.0,0.07494545454545455,KS,KS_A2_deg
Mordellidae_sp,1.0,0.049,0.5658895856103991,0.0,26.0,0.951,1.6805398512047185,26.0,0.036576923076923076,KS,KS_A2_deg
Mylabris_sp,1.0,0.0439,0.4739148125190351,0.0,15.0,0.9561,2.017451184777217,15.0,0.06373999999999999,KS,KS_A2_deg
Nustera_distigma,6.0,0.6586,2.220481725641841,0.0,24.0,5.3414,2.405514055044088,24.0,0.22255833333333333,KS,KS_A2_deg
Phthiria_sp,2.0,0.2679,1.3333069266812037,0.0,28.0,1.7321,1.2991007286757676,28.0,0.06186071428571428,KS,KS_A2_deg
Phthiria_sp1,6.0,0.3571,1.504462007028779,0.0,26.0,5.6429,3.7507760073944203,26.0,0.21703461538461538,KS,KS_A2_deg
Plebejus_argus,2.0,0.1185,0.8066739256243655,0.0,19.0,1.8815,2.3324170277894125,19.0,0.09902631578947368,KS,KS_A2_deg
Rhyncomyia_cupraea,21.0,14.021,13.981327074018239,0.0,48.0,6.978999999999999,0.49916577754405056,48.0,0.1453958333333333,KS,KS_A2_deg
Scaeva_sp,1.0,0.4921,1.8825758946719584,0.0,30.0,0.5079,0.26978991999071694,30.0,0.01693,KS,KS_A2_deg
Sphaerophoria_scripta,4.0,2.6897,5.459743106546215,0.0,40.0,1.3102999999999998,0.23999297667118333,40.0,0.032757499999999995,KS,KS_A2_deg
Syrphidae_sp5,1.0,0.0,0.0,0.0,0.0,1.0,,0.0,,KS,KS_A2_deg
Tiphia_morio,1.0,0.079,0.6262573111924371,0.0,22.0,0.921,1.4706415135439337,22.0,0.04186363636363637,KS,KS_A2_deg
Vespidae,3.0,0.3821,1.5997360737167097,0.0,30.0,2.6179,1.6364574400812022,30.0,0.08726333333333333,KS,KS_A2_deg
Vespula_sp,1.0,0.1046,0.8180010712555732,0.0,27.0,0.8954,1.094619593377335,27.0,0.033162962962962964,KS,KS_A2_deg
Xylocopa_cantabrita,8.0,15.4871,14.369686231029473,0.0,48.0,7.4871,0.521034341294981,48.0,0.15598125,KS,KS_A2_deg
Ancistrocerus_sp,1.0,2.5148,4.935080187965145,0.0,30.0,1.5148000000000001,0.30694536710751796,30.0,0.05049333333333334,WASS,WASS_A2_deg
Andrena_sp,5.0,36.5592,5.273317375961245,0.0,48.0,31.559199999999997,5.984695733252209,48.0,0.6574833333333333,WASS,WASS_A2_deg
Anthidiellum_strigatum,1.0,0.0,0.0,0.0,0.0,1.0,,0.0,,WASS,WASS_A2_deg
Anthophora_sp,1.0,8.8265,8.139620574222679,0.0,37.0,7.826499999999999,0.9615313058677084,37.0,0.211527027027027,WASS,WASS_A2_deg
Anthrenus_sp,6.0,4.9538,6.631837127551351,0.0,32.0,1.0461999999999998,0.15775417578541837,32.0,0.032693749999999994,WASS,WASS_A2_deg
Apis_mellifera,8.0,19.3647,8.902124392068963,0.0,43.0,11.3647,1.2766278586406838,43.0,0.2642953488372093,WASS,WASS_A2_deg
Attagenus_sp,8.0,46.3166,1.3182329892023537,37.0,48.0,38.3166,29.066637167975063,11.0,3.483327272727273,WASS,WASS_A2_deg
Bombus_terrestris,14.0,46.5375,1.2053792116609574,38.0,48.0,32.5375,26.993579850414722,10.0,3.25375,WASS,WASS_A2_deg
Bombylius_sp,5.0,39.1731,4.389312360301959,0.0,48.0,34.1731,7.785524746215393,48.0,0.7119395833333333,WASS,WASS_A2_deg
Ceratina_sp,7.0,13.4142,8.965237080389485,0.0,40.0,6.414199999999999,0.7154523569745175,40.0,0.16035499999999997,WASS,WASS_A2_deg
Chasmatopterus_sp,8.0,32.9008,6.451458865415567,0.0,47.0,24.900799999999997,3.8597161540447993,47.0,0.5298042553191489,WASS,WASS_A2_deg
Dasypoda_sp,2.0,15.2036,9.074887459260315,0.0,40.0,13.2036,1.454960191988564,40.0,0.33009,WASS,WASS_A2_deg
Diptera_sp1,2.0,10.1645,8.50183908791432,0.0,40.0,8.1645,0.9603216334223663,40.0,0.2041125,WASS,WASS_A2_deg
Diptera_sp10,1.0,1.3942,3.810729395516367,0.0,27.0,0.3942000000000001,0.10344476321614661,27.0,0.014600000000000004,WASS,WASS_A2_deg
Diptera_sp3,2.0,1.183,3.516667128798152,0.0,24.0,0.817,0.232322244351633,24.0,0.034041666666666665,WASS,WASS_A2_deg
Diptera_sp7,2.0,3.4743,5.795610271562612,0.0,31.0,1.4743,0.2543821842600364,31.0,0.04755806451612903,WASS,WASS_A2_deg
Diptera_sp8,1.0,0.8359,2.9443230281016,0.0,23.0,0.16410000000000002,0.05573437371979058,23.0,0.007134782608695653,WASS,WASS_A2_deg
Episyrphus_sp,1.0,0.0,0.0,0.0,0.0,1.0,,0.0,,WASS,WASS_A2_deg
Eucera_sp,1.0,7.3458,7.691237733537277,0.0,35.0,6.3458,0.825068762642642,35.0,0.18130857142857143,WASS,WASS_A2_deg
Halictidae_sp1,4.0,6.8716,7.575516634872414,0.0,35.0,2.8716,0.37906325580240285,35.0,0.08204571428571428,WASS,WASS_A2_deg
Halictus_sp,4.0,4.2725,6.292074599865848,0.0,32.0,0.27249999999999996,0.04330845028534942,32.0,0.008515624999999999,WASS,WASS_A2_deg
Heliotaurus_ruficollis,3.0,21.9281,8.73222512109923,0.0,44.0,18.9281,2.1676147531131553,44.0,0.43018409090909093,WASS,WASS_A2_deg
Lasioglossum_sp2,24.0,47.8926,0.3213651623259054,46.0,48.0,23.8926,74.347200010964,2.0,11.9463,WASS,WASS_A2_deg
Lasioglossum_sp3,4.0,4.0904,6.184775904210149,0.0,33.0,0.09039999999999981,0.01461653605564949,33.0,0.002739393939393934,WASS,WASS_A2_deg
Lasioglossum_sp4,1.0,0.2823,1.7608284305054172,0.0,22.0,0.7177,0.407592237588983,22.0,0.032622727272727275,WASS,WASS_A2_deg
Lasioglossum_sp6,1.0,5.6853,7.084086556376467,0.0,36.0,4.6853,0.6613837878339739,36.0,0.13014722222222222,WASS,WASS_A2_deg
Lobonyx_aeneus,4.0,10.5591,8.536099442331313,0.0,39.0,6.559100000000001,0.7683954532526662,39.0,0.1681820512820513,WASS,WASS_A2_deg
Lomatia_sp,2.0,29.5438,7.286232941585657,0.0,46.0,27.5438,3.780252459785594,46.0,0.5987782608695652,WASS,WASS_A2_deg
Mordellidae_sp,1.0,0.8465,2.9838277552176606,0.0,27.0,0.15349999999999997,0.05144398825689006,27.0,0.005685185185185184,WASS,WASS_A2_deg
Mylabris_sp,1.0,0.8637,3.012943758686727,0.0,30.0,0.13629999999999998,0.04523814943675219,30.0,0.004543333333333332,WASS,WASS_A2_deg
Nustera_distigma,6.0,8.5403,8.096908786888376,0.0,38.0,2.5403000000000002,0.3137370157996101,38.0,0.06685,WASS,WASS_A2_deg
Phthiria_sp,2.0,4.2487,6.297873818318626,0.0,35.0,2.2487000000000004,0.35705701080564783,35.0,0.06424857142857143,WASS,WASS_A2_deg
Phthiria_sp1,6.0,5.814,7.092956718005574,0.0,36.0,0.18599999999999994,0.026223196812668575,36.0,0.005166666666666665,WASS,WASS_A2_deg
Plebejus_argus,2.0,2.1556,4.645163764028084,0.0,30.0,0.15560000000000018,0.03349720438382793,30.0,0.005186666666666673,WASS,WASS_A2_deg
Rhyncomyia_cupraea,21.0,44.7068,2.052329156226299,25.0,48.0,23.7068,11.551168548221893,23.0,1.0307304347826087,WASS,WASS_A2_deg
Scaeva_sp,1.0,7.199,7.652584870847266,0.0,35.0,6.199,0.8100530872405299,35.0,0.1771142857142857,WASS,WASS_A2_deg
Sphaerophoria_scripta,4.0,19.9711,8.883735524298709,0.0,43.0,15.9711,1.7977910256688754,43.0,0.3714209302325581,WASS,WASS_A2_deg
Syrphidae_sp5,1.0,0.0,0.0,0.0,0.0,1.0,,0.0,,WASS,WASS_A2_deg
Tiphia_morio,1.0,1.6895,4.148904806224061,0.0,29.0,0.6895,0.1661884357928948,29.0,0.023775862068965516,WASS,WASS_A2_deg
Vespidae,3.0,5.558,7.016662978648444,0.0,34.0,2.558,0.36456076168742024,34.0,0.07523529411764705,WASS,WASS_A2_deg
Vespula_sp,1.0,1.9375,4.4362102910225785,0.0,29.0,0.9375,0.21132902601510792,29.0,0.032327586206896554,WASS,WASS_A2_deg
Xylocopa_cantabrita,8.0,45.6903,1.5831729386442182,31.0,48.0,37.6903,23.806811675467902,17.0,2.2170764705882355,WASS,WASS_A2_deg
Ancistrocerus_sp,1.0,0.2919,1.4583233731604488,0.0,27.0,0.7081,0.4855576019915391,27.0,0.026225925925925923,HELL,HELL_A2_deg
Andrena_sp,5.0,8.4468,11.161031611041292,0.0,47.0,3.4467999999999996,0.3088244993939609,47.0,0.07333617021276595,HELL,HELL_A2_deg
Anthidiellum_strigatum,1.0,0.0,0.0,0.0,0.0,1.0,,0.0,,HELL,HELL_A2_deg
Anthophora_sp,1.0,1.2773,3.565063208074688,0.0,34.0,0.2773000000000001,0.07778263212049918,34.0,0.00815588235294118,HELL,HELL_A2_deg
Anthrenus_sp,6.0,0.2251,1.162310236773579,0.0,26.0,5.7749,4.9684669525327125,26.0,0.22211153846153844,HELL,HELL_A2_deg
Apis_mellifera,8.0,1.613,3.9171629295373425,0.0,37.0,6.3870000000000005,1.6305168089483506,37.0,0.17262162162162165,HELL,HELL_A2_deg
Attagenus_sp,8.0,17.7182,15.002682987042068,0.0,48.0,9.7182,0.6477641371475811,48.0,0.2024625,HELL,HELL_A2_deg
Bombus_terrestris,14.0,18.1622,15.052951547621115,0.0,48.0,4.162199999999999,0.2765039126600902,48.0,0.08671249999999997,HELL,HELL_A2_deg
Bombylius_sp,5.0,9.8729,12.175827309348081,0.0,48.0,4.8729,0.4002109980862487,48.0,0.10151874999999999,HELL,HELL_A2_deg
Ceratina_sp,7.0,0.8338,2.5380350120067727,0.0,33.0,6.1662,2.429517311947762,33.0,0.18685454545454544,HELL,HELL_A2_deg
Chasmatopterus_sp,8.0,6.4269,9.558273507765138,0.0,46.0,1.5731000000000002,0.164579931587228,46.0,0.034197826086956526,HELL,HELL_A2_deg
Dasypoda_sp,2.0,2.1271,4.7417290084313,0.0,36.0,0.1271,0.02680456849685054,36.0,0.0035305555555555554,HELL,HELL_A2_deg
Diptera_sp1,2.0,1.204,3.2738747418895726,0.0,36.0,0.796,0.24313697461148898,36.0,0.022111111111111113,HELL,HELL_A2_deg
Diptera_sp10,1.0,0.163,1.0741258653609735,0.0,24.0,0.837,0.7792382876086087,24.0,0.034874999999999996,HELL,HELL_A2_deg
Diptera_sp3,2.0,0.0851,0.7391296376564314,0.0,20.0,1.9149,2.590749852856124,20.0,0.095745,HELL,HELL_A2_deg
Diptera_sp7,2.0,0.3328,1.5924502346305767,0.0,25.0,1.6672,1.046940095045899,25.0,0.066688,HELL,HELL_A2_deg
Diptera_sp8,1.0,0.0908,0.7871577489500882,0.0,18.0,0.9092,1.1550416688556924,18.0,0.05051111111111111,HELL,HELL_A2_deg
Episyrphus_sp,1.0,0.0,0.0,0.0,0.0,1.0,,0.0,,HELL,HELL_A2_deg
Eucera_sp,1.0,1.0541,3.0728679505869074,0.0,28.0,0.05410000000000004,0.01760570283850535,28.0,0.0019321428571428584,HELL,HELL_A2_deg
Halictidae_sp1,4.0,0.5361,2.0002242073547554,0.0,29.0,3.4638999999999998,1.7317558637993475,29.0,0.11944482758620689,HELL,HELL_A2_deg
Halictus_sp,4.0,0.2564,1.2627820484351937,0.0,29.0,3.7436,2.9645654249195026,29.0,0.12908965517241378,HELL,HELL_A2_deg
Heliotaurus_ruficollis,3.0,3.5407,6.616957149792663,0.0,42.0,0.5407000000000002,0.0817142967318358,42.0,0.012873809523809529,HELL,HELL_A2_deg
Lasioglossum_sp2,24.0,28.4506,15.148574440215729,0.0,48.0,4.450600000000001,0.29379662208905655,48.0,0.09272083333333336,HELL,HELL_A2_deg
Lasioglossum_sp3,4.0,0.2638,1.3783321587897421,0.0,26.0,3.7362,2.7106673643025254,26.0,0.1437,HELL,HELL_A2_deg
Lasioglossum_sp4,1.0,0.0334,0.47170614864454224,0.0,17.0,0.9666,2.0491570923498577,17.0,0.05685882352941177,HELL,HELL_A2_deg
Lasioglossum_sp6,1.0,0.7267,2.5025653624509667,0.0,30.0,0.2733,0.10920793682380986,30.0,0.00911,HELL,HELL_A2_deg
Lobonyx_aeneus,4.0,0.8794,2.7354714256215598,0.0,32.0,3.1206,1.1407905674945702,32.0,0.09751875,HELL,HELL_A2_deg
Lomatia_sp,2.0,6.0398,9.237063835160464,0.0,45.0,4.0398,0.43734676647168813,45.0,0.08977333333333333,HELL,HELL_A2_deg
Mordellidae_sp,1.0,0.0967,0.8343972266691617,0.0,26.0,0.9033,1.0825779031000522,26.0,0.03474230769230769,HELL,HELL_A2_deg
Mylabris_sp,1.0,0.0987,0.8111868541903527,0.0,16.0,0.9013,1.1110880253349142,16.0,0.05633125,HELL,HELL_A2_deg
Nustera_distigma,6.0,0.5014,1.9131032477113286,0.0,27.0,5.4986,2.874178383512782,27.0,0.20365185185185183,HELL,HELL_A2_deg
Phthiria_sp,2.0,0.4112,1.7691883909737478,0.0,28.0,1.5888,0.8980389019654016,28.0,0.056742857142857143,HELL,HELL_A2_deg
Phthiria_sp1,6.0,0.2694,1.2611037539662737,0.0,26.0,5.7306,4.544114615452375,26.0,0.2204076923076923,HELL,HELL_A2_deg
Plebejus_argus,2.0,0.1816,1.112000492135433,0.0,20.0,1.8184,1.6352510748516227,20.0,0.09092,HELL,HELL_A2_deg
Rhyncomyia_cupraea,21.0,14.0977,14.080453850215989,0.0,48.0,6.9023,0.4902043693637135,48.0,0.14379791666666666,HELL,HELL_A2_deg
Scaeva_sp,1.0,0.9453,2.8976796863622543,0.0,32.0,0.05469999999999997,0.018877172745297575,32.0,0.001709374999999999,HELL,HELL_A2_deg
Sphaerophoria_scripta,4.0,2.7019,5.588251895353734,0.0,39.0,1.2980999999999998,0.2322908888697886,39.0,0.03328461538461538,HELL,HELL_A2_deg
Syrphidae_sp5,1.0,0.0,0.0,0.0,0.0,1.0,,0.0,,HELL,HELL_A2_deg
Tiphia_morio,1.0,0.186,1.1753902135952228,0.0,24.0,0.8140000000000001,0.6925359685530977,24.0,0.03391666666666667,HELL,HELL_A2_deg
Vespidae,3.0,0.48,1.9152981064794254,0.0,32.0,2.52,1.3157220755739678,32.0,0.07875,HELL,HELL_A2_deg
Vespula_sp,1.0,0.2244,1.2543532118976788,0.0,20.0,0.7756000000000001,0.6183266345103982,20.0,0.03878,HELL,HELL_A2_deg
Xylocopa_cantabrita,8.0,16.2152,14.73160517320155,0.0,48.0,8.2152,0.5576581712184613,48.0,0.17115,HELL,HELL_A2_deg
Ancistrocerus_sp,1.0,0.3153,1.4900026579815495,0.0,27.0,0.6847,0.4595293815969008,27.0,0.02535925925925926,KL,KL_A2_deg
Andrena_sp,5.0,9.0644,11.597521411503786,0.0,47.0,4.064399999999999,0.3504541923904921,47.0,0.08647659574468083,KL,KL_A2_deg
Anthidiellum_strigatum,1.0,0.0,0.0,0.0,0.0,1.0,,0.0,,KL,KL_A2_deg
Anthophora_sp,1.0,1.3182,3.509270616242898,0.0,33.0,0.31820000000000004,0.09067411288465178,33.0,0.009642424242424244,KL,KL_A2_deg
Anthrenus_sp,6.0,0.2319,1.265892032625146,0.0,26.0,5.7681000000000004,4.556549730420842,26.0,0.22185000000000002,KL,KL_A2_deg
Apis_mellifera,8.0,1.9025,4.608179389056841,0.0,37.0,6.0975,1.3231906757970158,37.0,0.1647972972972973,KL,KL_A2_deg
Attagenus_sp,8.0,18.34,15.596554916151373,0.0,48.0,10.34,0.6629669215790838,48.0,0.21541666666666667,KL,KL_A2_deg
Bombus_terrestris,14.0,18.9453,15.701196153989837,0.0,48.0,4.9453,0.3149632646773442,48.0,0.10302708333333332,KL,KL_A2_deg
Bombylius_sp,5.0,10.5224,12.69833938049783,0.0,47.0,5.522399999999999,0.4348915109704288,47.0,0.11749787234042551,KL,KL_A2_deg
Ceratina_sp,7.0,0.9202,2.9131564681734443,0.0,35.0,6.0798,2.0870145721393563,35.0,0.1737085714285714,KL,KL_A2_deg
Chasmatopterus_sp,8.0,7.3191,10.295964057706689,0.0,45.0,0.6809000000000003,0.06613270949507016,45.0,0.015131111111111118,KL,KL_A2_deg
Dasypoda_sp,2.0,2.3026,4.861378049447919,0.0,36.0,0.3026,0.062245724755836396,36.0,0.008405555555555555,KL,KL_A2_deg
Diptera_sp1,2.0,1.3416,3.449999955067973,0.0,36.0,0.6584000000000001,0.19084058219560993,36.0,0.018288888888888893,KL,KL_A2_deg
Diptera_sp10,1.0,0.1762,1.1050229262629632,0.0,24.0,0.8238,0.7455048944423074,24.0,0.034325,KL,KL_A2_deg
Diptera_sp3,2.0,0.0955,0.7762989205205681,0.0,20.0,1.9045,2.453307546431839,20.0,0.095225,KL,KL_A2_deg
Diptera_sp7,2.0,0.3769,1.7095434021587148,0.0,25.0,1.6231,0.9494348010997796,25.0,0.064924,KL,KL_A2_deg
Diptera_sp8,1.0,0.0995,0.8184538696063849,0.0,18.0,0.9005,1.1002452715301758,18.0,0.050027777777777775,KL,KL_A2_deg
Episyrphus_sp,1.0,0.0,0.0,0.0,0.0,1.0,,0.0,,KL,KL_A2_deg
Eucera_sp,1.0,1.0872,3.0301673801021525,0.0,28.0,0.08719999999999994,0.028777288202825373,28.0,0.0031142857142857122,KL,KL_A2_deg
Halictidae_sp1,4.0,0.6037,2.19101035201485,0.0,29.0,3.3963,1.5501067792202659,29.0,0.11711379310344829,KL,KL_A2_deg
Halictus_sp,4.0,0.2901,1.408666186164203,0.0,29.0,3.7099,2.6336260758143526,29.0,0.12792758620689657,KL,KL_A2_deg
Heliotaurus_ruficollis,3.0,3.8324,6.79312335325137,0.0,42.0,0.8323999999999998,0.12253568155826156,42.0,0.019819047619047615,KL,KL_A2_deg
Lasioglossum_sp2,24.0,28.7795,15.41394299697099,0.0,48.0,4.779499999999999,0.3100764029644604,48.0,0.09957291666666664,KL,KL_A2_deg
Lasioglossum_sp3,4.0,0.3018,1.5163596851240373,0.0,27.0,3.6982,2.4388672663092392,27.0,0.13697037037037038,KL,KL_A2_deg
Lasioglossum_sp4,1.0,0.0317,0.43830847748149226,0.0,17.0,0.9683,2.2091747017165253,17.0,0.05695882352941177,KL,KL_A2_deg
Lasioglossum_sp6,1.0,0.7556,2.483563055077292,0.0,30.0,0.24439999999999995,0.09840700420323892,30.0,0.008146666666666665,KL,KL_A2_deg
Lobonyx_aeneus,4.0,1.0298,3.0570323035012947,0.0,32.0,2.9702,0.9715958829084523,32.0,0.09281875,KL,KL_A2_deg
Lomatia_sp,2.0,6.2269,9.2419347393158,0.0,45.0,4.2269,0.45736094435059016,45.0,0.0939311111111111,KL,KL_A2_deg
Mordellidae_sp,1.0,0.1072,0.869013048445094,0.0,17.0,0.8928,1.0273723755902946,17.0,0.05251764705882353,KL,KL_A2_deg
Mylabris_sp,1.0,0.1025,0.8096044070591473,0.0,16.0,0.8975,1.1085660999056683,16.0,0.05609375,KL,KL_A2_deg
Nustera_distigma,6.0,0.5048,2.0025428778924432,0.0,27.0,5.4952,2.7441110303632397,27.0,0.20352592592592592,KL,KL_A2_deg
Phthiria_sp,2.0,0.4829,1.9406916855651861,0.0,28.0,1.5171000000000001,0.7817315915166485,28.0,0.05418214285714286,KL,KL_A2_deg
Phthiria_sp1,6.0,0.2766,1.392367160138036,0.0,26.0,5.7234,4.110553713025374,26.0,0.2201307692307692,KL,KL_A2_deg
Plebejus_argus,2.0,0.2085,1.2158024377162382,0.0,20.0,1.7915,1.4735124263816672,20.0,0.089575,KL,KL_A2_deg
Rhyncomyia_cupraea,21.0,15.3363,14.937573946981583,0.0,48.0,5.6637,0.37915795564275395,48.0,0.11799375000000001,KL,KL_A2_deg
Scaeva_sp,1.0,1.0082,2.9038553678858996,0.0,32.0,0.008199999999999985,0.0028238320994512373,32.0,0.00025624999999999953,KL,KL_A2_deg
Sphaerophoria_scripta,4.0,3.122,6.02603910663807,0.0,40.0,0.8780000000000001,0.14570101263246477,40.0,0.021950000000000004,KL,KL_A2_deg
Syrphidae_sp5,1.0,0.0,0.0,0.0,0.0,1.0,,0.0,,KL,KL_A2_deg
Tiphia_morio,1.0,0.2072,1.2335397529192986,0.0,24.0,0.7928,0.6427032433480617,24.0,0.03303333333333333,KL,KL_A2_deg
Vespidae,3.0,0.5592,2.1036011679468576,0.0,32.0,2.4408,1.1602959901292758,32.0,0.076275,KL,KL_A2_deg
Vespula_sp,1.0,0.2389,1.2956830899054574,0.0,20.0,0.7611,0.5874121580575197,20.0,0.038055,KL,KL_A2_deg
Xylocopa_cantabrita,8.0,16.8683,15.349173098948446,0.0,48.0,8.868300000000001,0.5777705380498679,48.0,0.18475625000000004,KL,KL_A2_deg
